Protein.Group	Run_partial_R2	Plate_partial_R2	Group_partial_R2
Q9Y3A5	0	0	0.000196296858902228
Q96FJ2	0	0	0.00438078404249652
Q9H3S7	0	0	0.00193549735790786
Q9Y2B0	0	0	0.00660643629941412
Q9UHD2	0	0	0.0182836416602983
Q16706	0	0	0.0337057810185874
A5YKK6	0	0	0.00173840843708972
Q14699	0	0	0.00196053669328203
Q96D71;Q96D71-3;Q96D71-4	0	0	0.00245289247540607
Q96CV9	0	0	0.00937706382965965
P42680	0	0	0.0145306121116567
Q14152	1.37590466153346e-16	0	0.00312504183578919
Q8N3D4	0	0	0.00478477874064046
Q9P107	0	0	0.0167870412647065
Q8IUD2	0	0	0.00122705267772445
O60826	0	0	0.00815171733016178
Q9Y4G6	0	0	0.000747808077613178
Q5VZ89;Q5VZ89-7	0	0	5.0579848971706e-06
Q96AT9;Q96AT9-2	0	1.77786933825444e-16	0.00138304303652031
O60271	0	0	0.00938657220250925
P13796	0	0	0.000543120494279862
Q9Y2G3	0	0	0.0136621403636547
Q9NPQ8;Q9NPQ8-4	1.96480626380315e-16	1.96480626380315e-16	0.00775484225294367
P51858	0	0	6.64747838453106e-06
Q99536	0	0	0.0271564008483342
O00399	0	0	0.000285449909671747
Q6P1N0	0	0	0.000941441438146458
Q96JH7	0	0	0.0136617837863584
Q9UKG1	0	0	0.0183300945157142
Q14789-2	0	0	0.000226333281146286
Q92963;Q92963-3	0	0	0.00734954660631591
Q9P260	0	0	6.22806512608684e-05
Q92854	0	0	0.0408525254892779
Q9Y2D4	0	0	0.000200222244051749
Q5VYK3	1.19211166885223e-16	1.19211166885223e-16	0.015688675834215
P02686;P02686-2	0	0	0.000451137923123899
Q13459	0	0	0.00370167089584622
Q13617-2	0	0	0.00243925283636546
P49758;P49758-3;P49758-7;P49758-9	2.01624355295588e-16	0	0.0041127620084959
Q96M27	0	0	0.0044238126879413
Q7RTP6	0	0	1.22580662317567e-05
Q9ULP9;Q9ULP9-2	0	0	0.000379430510737495
Q8NFH8;Q8NFH8-4	0	0	0.00203240483717246
Q8TBC4;Q8TBC4-2	0	0	0.0033151948943547
O75340	0	0	0.0162905972539774
Q32P28	0	0	0.00521593500798623
Q07889	0	0	1.07760242173001e-05
Q9BSJ2;Q9BSJ2-4	1.50311648045598e-16	0	0.0053473805245429
P20020;P20020-1;P20020-4;P20020-6	0	0	0.0116780642009876
P63151	0	0	0.000588152921806116
Q8TF64	0	0	0.00749619023002619
Q5GLZ8;Q5GLZ8-2	0	0	0.00176958003713412
Q9NR19;Q9NR19-2	0	0	2.28325985412026e-05
P25786;P25786-2	0	0	0.0116044578079898
Q14289-2	0	0	0.00613791692267505
O60674	1.60385644582718e-16	0	0.000191128244780553
Q6WCQ1-2	0	0	0.00960674911198367
O75886	0	0	0.0325715617946625
Q92888-3	0	0	0.0080935642980375
Q15052;Q15052-2	0	0	0.00364394546829162
P80217;P80217-2	0	0	0.00451469877116481
Q92608	1.52995259006035e-16	0	0.00500075836705072
O00743;O00743-2	0	0	0.00475805429097202
Q9BYM8	0	0	0.0287556432818358
Q92783;Q92783-2	0	0	0.00505990575183417
P43490	0	1.12427253518804e-16	0.00811129960032364
Q5T0N5-3;Q5T0N5-4	1.9385539504635e-16	1.9385539504635e-16	0.00649178185198263
Q9UBV8	0	0	0.0095418530808428
P42226	0	0	0.000169707084175103
P08575;P08575-10;P08575-4;P08575-5;P08575-6;P08575-7;P08575-8;P08575-9	0	0	0.00193998223605761
Q7Z392	0	0	0.0041177859948218
Q08211	0	0	0.000375537715314175
Q8IWV7	0	0	0.00767492047077604
Q92538;Q92538-2;Q92538-3	1.17983210910357e-16	0	0.00357140815572509
Q8IVT5	0	1.7770858112495e-16	0.0255736938279544
Q9Y2I8;Q9Y2I8-2	0	0	0.00130272823978245
Q9H6S0	0	0	0.0169297668763251
O75534;O75534-2;O75534-3;O75534-4	0	0	0.00020860179912387
Q9Y485	0	0	0.00970156168272996
O43592	0	0	0.00998443957340952
Q12768	0	0	0.00684893242554279
Q14139;Q14139-2	0	0	0.0117396793610254
Q9H270	0	0	0.00401021562954257
P30043	0	0	0.0161466483772604
A6NDG6	0	0	0.00712492345379114
Q9BQS8;Q9BQS8-4	1.18291534311068e-16	0	0.000437907949758068
Q8N6H7	0	0	0.0229511413214984
P23458	1.88689359892665e-16	1.88689359892665e-16	0.0214611631048051
Q5SWX8	0	0	0.0139304821103891
P49619	0	0	0.000845278737851812
Q5JSL3	0	0	0.0206088377641848
P19838;P19838-2	0	0	0.000845128802386734
Q53GL0;Q53GL0-2	0	0	0.00152320302877172
Q8IUR0	0	0	0.0196353110972121
Q15147-4	0	0	7.2989498437487e-05
Q96CN4-2	0	0	0.00898180765132764
Q9P2D3	0	0	0.000627375870109832
Q5SGD2	2.00508747031501e-16	2.00508747031501e-16	0.00103601027029234
Q9P2E9	1.21213768579834e-16	0	0.0146854628932032
Q7Z460-4	0	0	0.0189398603684425
Q15075	1.45073690763828e-16	1.45073690763828e-16	0.00244907144308453
Q9UPY6-2	0	0	7.76436008303749e-05
Q9BXJ9	0	0	0.00418295564409056
P04083	0	0	0.00324392594101605
Q9NX62	0	0	0.026729953656821
P25788;P25788-2	0	0	0.0139594017083943
P02545	0	0	0.00813580542453157
Q92625	0	0	0.00399564415587642
O75165	0	0	0.00722091431380744
Q68DH5	1.16887172559522e-16	1.16887172559522e-16	0.000114474631305302
P53041	0	0	2.56815301866336e-06
Q0D2K0;Q0D2K0-2	0	0	0.00820445602517423
P20073;P20073-2	0	0	0.016480784332784
Q15042	0	0	0.00109085387349759
P17174	1.40226315455523e-16	0	0.00256971873778354
Q8IUR7;Q8IUR7-7	1.97191953056364e-16	0	0.00377483938036991
Q13107	0	0	0.0129859527304382
Q15046	0	0	0.00763548857951611
P42229	0	0	0.0240064468708146
Q16775;Q16775-2	0	0	0.00107836099102348
Q86TI2	0	0	0.010840059445625
P31040	1.67729893360242e-16	1.67729893360242e-16	0.000156013633379219
Q9Y6K5	0	0	0.0038285917619298
Q15276	0	0	0.001911589739278
O14964	0	0	0.0115034280849002
Q8WVT3	0	0	0.00354513598817797
P17655	1.43043756999946e-16	0	0.0128922539697468
Q8IYI6	0	0	0.0136795227483431
O75592	0	0	0.0159771448787118
P26440	0	0	0.000141516925269781
O15269	0	0	1.4077372381548e-05
P20339;P20339-2	0	0	0.00383629297252887
Q9H2G2;Q9H2G2-2	0	0	0.00534187329772706
O43760-2	0	0	3.66605279085662e-05
Q14258	1.6584152900695e-16	0	0.00904136422076509
Q9BWS9	0	0	0.00136760668550446
Q8NBJ5	0	0	0.0110315369511631
Q9H4A3;Q9H4A3-2;Q9H4A3-5;Q9H4A3-6;Q9H4A3-7	0	0	0.0115498651979374
Q9H3P7	0	0	0.000249757884945599
P52788	0	0	0.00516442538137318
Q8N3P4;Q8N3P4-3	0	0	0.00189779563466021
Q9UIQ6;Q9UIQ6-2;Q9UIQ6-3	0	0	0.00969556465919676
Q96B97	0	0	0.000652788795828903
Q9H2U2-2	0	0	2.6487614970068e-06
Q92616	0	0	0.000133546635536559
O94915	0	0	0.000510423400344812
Q8TD16	0	0	0.00448252594734921
Q96CW5	0	0	0.00142502168769351
B0I1T2	1.94142537653079e-16	0	0.00126772373571615
P14927	2.2015336323119e-16	0	0.00939181213783646
Q9Y4D8	0	0	0.0037329364764704
Q15057	0	0	0.0105603743772449
Q06124-1	0	0	0.00849637106732128
Q92734;Q92734-2	0	0	0.00155523360438521
Q16881;Q16881-2;Q16881-3;Q16881-4;Q16881-5;Q16881-6	2.15385208159752e-16	2.15385208159752e-16	0.0102188948486107
Q8NCG7	0	0	0.0119547609701414
Q9UKW4	0	0	6.48991268418641e-05
P42345	0	0	0.00111536493748978
P28290	0	0	0.00314218350966917
Q13596	0	1.45301100672287e-16	0.00135152579748853
Q05823	0	0	0.0142116674658772
Q6PKG0	0	0	0.000978898383079155
O43314;O43314-2	0	0	0.0117817895097956
Q96BY6-3	0	0	0.0384503592077587
Q5UE93	0	0	0.0026809073300133
Q93100-4	0	0	0.00844865907373398
Q9BSQ5;Q9BSQ5-3	1.71842758512766e-16	0	0.0153643076257943
P27448-8	0	0	0.0147225102120901
Q04656;Q04656-2;Q04656-3;Q04656-5	0	0	0.00491231945712368
Q5TDH0;Q5TDH0-3	0	0	0.000147216554664156
Q6NUQ1	0	0	0.00473695411870782
Q93009;Q93009-3	1.59603518121561e-16	0	0.00106340334251918
Q7Z3U7;Q7Z3U7-5	0	1.17077215521735e-16	0.00100587977385914
Q8NDB2	0	0	0.0016001222809242
Q6UX71	0	0	0.00733044471481292
O15027;O15027-2;O15027-3;O15027-4;O15027-5	0	0	0.000709274133079533
Q9UNE7	0	0	9.93690488049988e-05
Q00341	0	0	0.00253818971168134
O60506-3	0	0	0.0153050111857379
Q6NXE6;Q6NXE6-2	2.14692420201548e-16	2.14692420201548e-16	0.0471274382226429
Q8N335	0	0	0.000400272614877905
Q9BT09	0	0	0.00384494309922426
Q567U6	0	0	0.00557631628362398
Q7KZI7-15;Q7KZI7-16	0	0	0.00104206220444236
Q15293	0	0	0.00290410823741965
Q9P2W9	0	0	0.0247406027720623
P69849;Q15155;Q5JPE7;Q5JPE7-2	1.75979323695794e-16	0	0.0102668396824516
Q8TEW0;Q8TEW0-2	0	0	0.00253296151333811
P00352	0	0	0.0190986295497673
Q12959-2;Q12959-4	0	0	0.0056800652611071
Q86X10-3	0	0	0.0127048525434365
Q9H2D6-5	0	0	8.81928138454139e-06
Q8IY17;Q8IY17-3	0	0	0.00284213626421284
Q7Z401;Q7Z401-2	0	0	0.00450341154901108
O15031	0	0	0.0161911699980703
Q5VWZ2	0	0	0.00147159051273108
Q9Y2L9-2	0	0	0.0116280328077232
Q9Y296	0	0	0.00417347190405317
Q99570	0	0	0.0148418918176544
Q8IVW4	0	0	0.00141256773790002
Q8N4C8	2.13945323555678e-16	0	0.000542022468036168
Q5JQS6	0	0	0.00618278193589994
Q9NRA1	0	0	0.00798746465140119
Q9BY43-2	0	0	0.00826923918099809
Q9H4B6	0	0	0.00523309472277687
Q9UBP0;Q9UBP0-3	0	0	0.000354833484104424
Q86VS8	1.93237133073474e-16	0	6.68362900472495e-05
O60645	0	0	0.00744394476200495
Q5VIR6	0	0	0.0126723775536982
Q99959-2	0	0	0.00267315593594723
Q99873;Q99873-2;Q99873-3	0	0	0.0124811904423697
Q8IV38	0	0	0.0119650918844207
P08133	0	0	0.000366405770175461
Q9UMX0	1.26657631860897e-16	0	0.00465022922213579
Q99518	0	0	0.00207278907740917
Q99576-3	0	0	0.0120481196749983
O95340;O95340-2	1.88327425290362e-16	1.88327425290362e-16	0.000616848155398164
Q99418;Q99418-2	0	0	0.012418488643869
Q63HN8	0	0	0.00388662217908742
Q8IUG5;Q8IUG5-3	0	1.43769973281124e-16	2.74548142378278e-06
Q70UQ0	0	0	0.00255760168596562
Q9UHD9	1.22933495699916e-16	1.22933495699916e-16	0.0184825124328174
Q9BZ72	0	0	0.00538124933346081
Q08426	0	0	0.000182373860041274
Q9Y6D5	0	0	0.00475750952472117
O14818	0	0	0.0225627184648038
Q96Q05;Q96Q05-2;Q96Q05-3	0	0	0.0144353145300809
P28907	0	0	0.000227366527913075
P19474	0	0	0.0146967906054608
Q9Y3X0	0	0	0.0218494843391923
Q9NZB2;Q9NZB2-6	0	0	0.00381923888503894
Q9NX40	0	0	0.00272286246289022
O94855;O94855-2	0	0	0.0065362871702678
O00471	0	0	0.00947131751666096
Q9Y4K4	0	0	0.00878491857162676
P61978-3	0	0	0.0199998548976548
Q8IY33	0	0	0.00600672063021858
Q15811-9	0	1.11726626770494e-16	0.0292631982104802
Q9BVJ7	0	0	0.000611535969944512
O43847-2	0	0	8.67758520504661e-05
O14920	0	0	0.00209891214557105
Q9P253	0	0	0.0128761497499569
Q9Y4F9	0	0	0.001905042667567
Q13155	1.46725517530585e-16	0	0.00918781011044875
Q8IZH2;Q8IZH2-2	0	1.57031843588644e-16	0.00056346019284764
Q16512;Q16512-2	0	0	0.00283601421607075
Q99613;Q99613-2	0	0	0.00225221084708163
Q96IV0	0	0	0.00836152913473364
Q9UQN3	0	0	0.000391753917727996
Q15233;Q15233-2	0	0	0.00391188157493788
P49641	0	0	0.00447269222008688
Q13619	0	0	0.0163135971866929
P09972	0	0	0.0144828772326486
Q5T5U3	0	0	5.8631270651557e-05
P40238	0	0	0.011993131782362
Q96GD0	0	0	0.0022685865627249
O43318	2.13067820745696e-16	0	0.00297716436967455
Q9UPT5;Q9UPT5-5;Q9UPT5-6	0	0	0.00161969214713489
Q6PGP7	0	0	0.00331895412804873
O00178	0	0	0.00636995531985769
Q96AA3	0	0	0.000180963719188581
P00367	0	0	0.00665637067046727
P60520	0	0	0.00609930633372593
Q06210;Q06210-2	0	0	0.00518587144067651
P14735	1.36527486790601e-16	0	0.0164713914535866
P52333	0	0	0.0105968483807175
Q9Y4G8	0	1.14975188561824e-16	0.00524528242941534
Q9Y240	2.18215713450521e-16	0	0.00541230559005141
Q99490-2	0	0	0.00122204720692784
P36957	0	0	0.000522583701949669
Q9Y263	0	0	0.00376972152773644
Q86YS7-3	1.35736777702992e-16	0	0.0021349499715637
P43155;P43155-2	0	0	1.45826777564538e-08
Q92890;Q92890-1	0	1.17309440219652e-16	0.00258925934700433
Q13287	0	0	0.00106047373976339
Q15904	0	0	0.00152367896548255
Q9NUB1;Q9NUB1-2	0	0	0.0373589875811339
Q14232	0	0	0.0131299692533994
Q9Y4P8;Q9Y4P8-4	0	0	0.0172359218151595
Q13616	1.75171528531335e-16	1.75171528531335e-16	0.0120636690590988
O95486	2.73442240667658e-16	1.36721120333829e-16	4.53225523691193e-06
P35580;P35580-2;P35580-3;P35580-4;P35580-5	1.44842472561216e-16	1.44842472561216e-16	0.0110670714416019
P33908	0	0	0.00227603600673692
Q16658	0	0	0.00451375097305991
P62851	0	0	0.00212614131345396
Q9NZM3;Q9NZM3-2	0	0	0.00514480326004822
Q96AE4;Q96AE4-2	0	0	1.75821627285597e-05
O15084-1	1.4873814055517e-16	1.4873814055517e-16	0.0172378946329389
Q9Y6K9-2	0	0	0.00658171241274114
P42338	1.5261323034462e-16	1.5261323034462e-16	0.00764614332831012
P08603	0	0	0.000423663631493549
Q9UN37	0	0	0.0111521765295732
Q92900-2	0	0	0.00840416338247978
Q07812-2	0	0	0.000436777971259449
Q8NEN9	0	0	0.0305441866059588
Q9UDT6-2	0	0	0.0158229971020304
Q86VW0	0	0	0.000130301716193668
O75122-3	2.05349317264336e-16	0	0.0116989516384711
Q92508	0	0	0.00895391597462834
Q12882	0	0	0.0124293029448615
Q9UQ13;Q9UQ13-2	0	0	0.00250847551910119
Q7Z3J2	0	0	0.0104179740540317
Q9UNK0	0	0	0.00402316215281309
O14579	0	0	2.52557400599828e-05
Q9NQC7;Q9NQC7-2	0	0	0.0180007040654477
Q13546	0	0	0.0101534353284731
Q13614-2	0	0	0.000372406364875372
P12955	0	0	0.00730332702381933
Q8NHP6	0	0	0.00244045797430917
Q96RR4-7	0	0	0.000267438767059301
Q8TC05	0	0	0.00222313430547754
Q92820	0	0	0.00488551381913743
Q9NVH1	0	0	0.00458942267217256
Q9Y6I3;Q9Y6I3-1;Q9Y6I3-3	0	0	0.0133900206855917
P42858	0	0	0.01508768624127
Q96N67;Q96N67-2;Q96N67-3;Q96N67-4;Q96N67-5;Q96N67-6	1.68605694362635e-16	0	0.00292407641772176
O43427;O43427-2	0	0	0.00800426224075273
C4AMC7;Q6VEQ5	0	0	0.00011934670604282
Q96A33	0	0	0.0124797570688356
P09958	0	0	0.00276501109624032
Q9H4G4	0	0	0.00106105062920499
O43264	0	0	0.0278668165538962
O60890	0	0	0.00494436322528771
P55268	0	0	0.00221665250068763
Q9Y5R8	1.55334272907307e-16	0	0.000659720993552757
Q9H9A6	0	0	0.00082528972023323
Q13085;Q13085-2;Q13085-4	2.13319835538104e-16	0	0.0238257466615209
Q9BTW9;Q9BTW9-4	0	0	0.00173268015859491
Q9UNN5	1.12639525056977e-16	1.12639525056977e-16	0.00518044737269099
P42765	0	0	0.00623355991673266
P48739-3	1.21016427783073e-16	0	0.0168212839803648
P20810-6	0	0	0.00952222002472088
P40818	0	0	0.0187303730347655
Q15477	0	0	0.00711178638910597
P53602	0	0	0.0212821273936902
O75718	0	0	0.00257797874205331
P46940	0	0	0.00151154239652754
Q92609;Q92609-2	0	0	0.000560714311103642
P11233	0	0	0.023611209970593
Q7Z745;Q7Z745-2	0	0	0.00922611148587627
O95248-4;O95248-5	0	0	0.00616416202021118
Q92530	0	1.12348215149845e-16	0.00104877421169388
P35611-3;P35611-6	0	0	0.008430952514945
Q9NSY1	0	0	0.00109637600036569
Q96P70	0	0	0.00742829337484036
Q96A65	0	0	0.0116838491078356
P16150	0	0	0.018360130037531
P22102	0	0	0.0390080173528696
O94804	1.57136936330782e-16	0	0.00435770483275445
Q9UKF7-2	0	0	0.0113228632090124
P41252	0	0	0.00427023036227827
Q9H3G5	0	0	0.0170080335308796
Q8WZA9	0	0	0.00704966956936225
Q66K14;Q66K14-2	1.4441303934651e-16	0	0.0163227000050458
Q9NV70-2	0	0	0.0252515245715157
Q5XPI4;Q5XPI4-2	0	0	0.0107244791434248
P07332	0	0	0.0212973862344614
Q9UJ41;Q9UJ41-3;Q9UJ41-4	0	0	0.0157164318038723
Q4LDE5	0	0	0.00630397430744465
P49754	0	0	0.00559139672883185
P48634	0	0	0.000414735790951672
Q13363	0	0	0.0196535723125491
O60841	0	0	0.000441823442655483
Q08379	0	0	0.00994786236581085
P52597	1.81547955960706e-16	1.81547955960706e-16	0.00453886161416885
O95352	1.32869330924503e-16	0	0.0126930796470867
Q9Y5L0-1	0	0	0.00947428343857833
P35236;P35236-2;P35236-3	0	0	0.031677579790047
P29597	0	0	0.00738067205678457
Q12907	0	0	0.036096327005746
A2RRP1	0	0	0.00672206710109503
Q93034	0	0	0.0229686337846315
Q9H8Y8;Q9H8Y8-2;Q9H8Y8-3	1.63548894211788e-16	0	0.00635800153453341
Q15386	0	0	0.00689089297742713
Q9HC38;Q9HC38-2	0	0	0.0159550518227118
Q8N1B4	0	0	0.0115974194792742
O75410;O75410-9	0	0	0.00113197458688471
P27361	0	1.37601461054957e-16	0.0141419322996362
P11274;P11274-2	0	0	0.0187874017563438
Q9H7D0	0	0	0.00899006782684989
O75223	0	0	0.00885143718216683
Q9P035	0	0	0.000467296269389483
P57737-3	2.07604849500711e-16	2.07604849500711e-16	0.000308384675940631
O15427	0	0	0.00851757479225141
Q9BZL4-3	0	0	0.00034530119675304
P62249	0	0	0.0147280741481629
P27986;P27986-4	0	0	0.00166070548952441
Q92804;Q92804-2	0	0	0.00128843638095831
Q6PJF5;Q6PJF5-2	0	0	0.00264347191030945
O15231-3	1.7263271045927e-16	1.7263271045927e-16	0.0121783871790334
Q14185	0	0	0.0100169816178375
Q6P2E9	1.55903782281324e-16	0	0.0162061635403461
P16591	0	0	0.037452850424736
Q6UX07	0	0	0.00752096162045187
P46379;P46379-2;P46379-3	0	0	0.0242072196270358
P31689	1.26093616905198e-16	0	0.0118224214596756
P31943	1.75070055555995e-16	1.75070055555995e-16	0.00476802234961232
O15372	0	0	0.00897961966434979
Q9Y520;Q9Y520-4;Q9Y520-5;Q9Y520-6;Q9Y520-7	0	0	0.00454498101848742
Q9C0I1	0	0	0.0334250768516605
Q9BTU6	0	0	0.00797583798847198
P23634;P23634-6	0	0	0.000476473925690556
P61247	0	0	9.15064680294658e-07
Q12851;Q12851-2	0	0	0.0198033160262186
Q5BKT4	0	0	0.00747507118074887
O15204;O15204-2	0	0	0.0614500238919519
Q15785	0	0	0.0631971583618042
Q14156	0	0	0.0247844549644813
P07814	0	0	0.00557926138004925
P83111	0	0	0.0045848378084599
Q9UBB4	1.28050786731198e-16	0	0.0204626147236776
Q01469	0	0	0.00477200524534071
P53597	0	0	0.00286195110766732
P14550	0	0	0.0343953054697717
Q9H9H4	0	0	0.0128278688501617
Q9Y679	1.43818334649928e-16	0	0.000315823593723856
P0DMQ5	0	0	0.0145885506928566
Q9BZ67;Q9BZ67-2	1.99189802947044e-16	0	0.0116919185983342
Q5H9R7;Q5H9R7-2;Q5H9R7-5;Q5H9R7-6	1.35635833474167e-16	0	0.0321059664764768
Q9UID3	0	0	2.09483821506885e-05
P26640	1.22231170192584e-16	0	0.0256600728037912
Q96EP0	0	0	0.0271661272755493
Q15631	0	0	0.00212185268709835
Q01970	1.20840935593186e-16	0	0.0301020366857189
Q6IA69	0	0	0.0165393748684582
Q15717;Q15717-2	0	0	0.00280160031332189
P46019	0	0	0.00240993082293191
Q9P2R3;Q9P2R3-2;Q9P2R3-4	0	0	0.0410312477194127
Q12792	0	0	0.00251827627091454
Q9Y5K8	0	0	0.00168124801507557
Q2M3D2	0	0	0.0115869291503485
P78527	0	0	0.0309936297890436
P20618	0	0	0.00564761298928383
O14727;O14727-4	0	0	0.0230295795011191
O00481	0	0	0.000339256317019111
P48736	0	0	0.00332462161630317
Q6PCE3	0	0	5.78835987508397e-05
Q9NR09	0	0	0.00105777708989789
Q9BTY2	0	0	0.000187287950800288
P61769	0	0	0.00992826831309567
Q9NZN5-2	0	0	0.0334222280683935
P49915	0	0	0.0106947656417558
P48729	0	0	0.00677799043471187
P49137	0	0	0.00956999160227052
P08240	0	0	0.00581422964053945
Q9Y2V2	1.12877312537161e-16	0	0.000546090781586855
Q16204	0	0	1.11827192535219e-05
Q99805	0	0	0.00048884576818239
P04839	0	0	0.0017020185876406
Q92696	0	0	0.0351650951536257
P78536	1.87878213104066e-16	1.87878213104066e-16	0.00114008389940992
P60900	2.05702971653368e-16	0	0.00471475834153482
P32019-3	1.11780757455834e-16	0	0.00344508758466328
Q15006	0	0	0.00617964337028943
P23743	0	0	0.000842921238607472
Q8WU76	0	0	0.000131951892553111
P07948	0	0	0.0183924982456629
O15212	0	0	0.00878575707554997
P08559;P08559-2;P08559-4	0	0	0.0054634062113118
P04062-4	0	0	0.00142000358881732
Q9Y5Z4	0	0	0.00178242928695751
Q13618	0	0	0.00453381116820865
Q02790	0	0	0.00331905665701146
O75348	0	0	0.00121264049423992
Q6ZU35	0	0	0.00173527385353837
Q9NZJ7;Q9NZJ7-2	1.41372553930607e-16	0	0.00323668507615472
P48147	0	0	0.0039104958624419
O15067	1.5561951029635e-16	1.5561951029635e-16	0.0193512916135657
Q8IU68	0	0	0.0147289356842384
Q9UFG5	0	0	7.97586766791623e-06
Q96BZ9-3	0	0	0.000139722476579891
Q96EP5;Q96EP5-2	1.87107223195449e-16	0	0.000867245160735815
Q15286	0	0	0.0200050542252145
Q9HD42	0	0	0.0161800533597886
P26572	1.46619530281519e-16	0	0.0243942137018712
P28331;P28331-2	0	0	0.00401944195098247
Q9Y487	0	0	0.000622596333795602
P78509;P78509-2	0	0	0.00766603160326722
Q9GZS3	0	0	0.0186794862840068
A5D8V6	1.36506141161905e-16	0	0.00218908912093654
P36578	0	0	8.17844560726663e-05
Q86SZ2	1.36581685524788e-16	1.36581685524788e-16	0.0376734377835652
P06756;P06756-2;P06756-3	0	0	0.0156185249513686
Q9NZ43	0	0	0.014512718746061
O60547;O60547-2	0	0	0.00703790498158516
Q9NR50	0	0	0.00724772642266561
Q96M96	0	0	0.0123740852349784
Q8TD19	1.16017253068759e-16	0	0.00713645408889982
Q9H6F5	0	0	0.00928328467046557
P15880	0	0	0.0115126813609569
Q9Y315	0	0	0.00360760628810118
P0CG47;P0CG48;P62979;P62987	0	0	0.0471921905936728
P23470;P23470-2	0	0	0.00126050578275422
P48637	1.92952340288214e-16	0	0.0149607113769221
Q9H8L6	0	0	0.00502070858261285
P43686	0	0	0.0125661936657454
Q9NRY5	0	0	0.0290921880353193
Q9Y2L5	0	0	0.0180632179795374
Q9BT22	0	0	5.87674973239563e-06
P25685	0	0	0.0137563456212405
Q13188	0	0	0.00285912673259657
Q8N3C0	0	0	0.0606887262540112
Q14392	0	0	0.00415678088458257
O95319-3;O95319-4	0	0	0.00672614320528891
Q14738	0	0	0.0136443490658531
Q15172	0	0	0.010268542503658
Q96RD7	0	0	0.003016208398581
P29401;P29401-2	0	0	0.0184363029627601
P30050	0	0	0.00657867972796682
Q9Y6B6	0	0	0.0134400755944258
P52294	0	0	0.000302983794873855
Q9Y6Y8	0	0	0.0214541628610842
O43390;O43390-2	0	0	0.00111921307026232
Q8NHG7	0	0	0.000191624623303377
Q9NS86	0	0	0.0128698651062357
Q8IW45	0	0	0.00539045127493969
P23396	0	0	0.014025193558795
Q13630	0	0	0.000779092954260851
O94923	0	0	8.45674591012976e-06
P36915	0	0	0.0112140110086585
Q14C86;Q14C86-5	0	0	0.0339701306219838
O94929	0	0	0.0019717914459447
O95425	0	0	0.000156951191767302
P40189	1.3968535172999e-16	0	0.0231196374556343
P00451	0	0	0.000743778107521084
Q9NUU7	0	0	0.0134159725911873
O75695	1.29658764440425e-16	0	0.0239094624705792
O15371;O15371-2;O15371-3	0	0	0.0119761213748783
Q6UWE0;Q6UWE0-2	0	0	0.00177680951935023
O43304	0	0	0.00591643958883469
P18084	0	0	0.0017930050495183
Q9BUH6	0	0	9.55995197306854e-06
P49589-3	1.95068507252998e-16	0	0.0246686743288974
P62701	1.69642519932091e-16	1.69642519932091e-16	0.00347784447078233
P48506	0	0	0.000150110593095934
P62854	0	1.92013698786019e-16	0.00993502124800368
Q9UPN3	0	0	0.00632419110520432
Q14966;Q14966-3	0	0	0.0195637512319482
P29122;P29122-2;P29122-7;P29122-8	0	0	0.0220280623580507
Q9H4A4	0	0	0.0118942827891062
P55010	0	0	0.00462411062417878
P21964;P21964-2	0	0	0.019892061862434
P54709	0	1.18874954301408e-16	0.0198388739609028
O60704	1.12635821551716e-16	0	0.00490115820303439
Q68DL7	0	0	0.0036480590621956
P19525	0	0	0.0103686457475449
P28066	0	1.4846798798402e-16	0.00844448906110821
Q7L1W4	0	0	0.00521792510927626
P17813;P17813-2	0	0	0.000325529286899662
Q9NTX5	0	0	0.0104644804941276
Q9NZL9	0	0	0.00431475436861368
Q8TC26	1.47753787400992e-16	0	0.00478241204751411
Q9BRG1	0	0	0.0152425368739507
Q9BRR9;Q9BRR9-3	0	0	0.00723650930057286
Q14558-2	0	1.54049452686184e-16	0.007662009039175
P28288	0	0	0.00459456250799876
P36551	0	0	0.00447054281433475
Q9Y2G8	0	0	0.00108917961155216
Q5VW32	0	0	0.0471392207453253
P61221	0	0	0.00512933865121044
Q9BZL6;Q9BZL6-3	0	0	0.00334061813355988
Q02809;Q02809-2	0	0	5.71421863714425e-05
O14656	0	0	0.00741403706327032
Q8WWM7-9	0	0	0.000768217187705619
P00390;P00390-3	1.39811256375149e-16	0	0.0332799484359612
Q9H267	1.46093585720104e-16	0	0.000277501374563218
A4D1B5	0	0	0.00569504134417734
Q96T76;Q96T76-8	0	0	0.000171110204717523
O95202	0	0	0.0108530314408315
O15111	1.48570912850386e-16	1.48570912850386e-16	0.00591101736570963
Q13724	0	0	0.0257463166706572
O94903	0	0	0.0299163600636313
P62241	0	0	0.000181481279985343
Q9NZZ3	0	0	0.0163975919094862
Q6ZWH5	0	0	0.00110484944824511
Q9BZH6	0	0	0.00129588603516589
Q86TV6	0	0	0.0174436785272855
P07738	0	0	0.00375773062258658
Q13505	0	0	7.67868898182865e-07
Q8TEA7;Q8TEA7-2	1.22126222850667e-16	1.22126222850667e-16	0.045740832278507
P19320	0	0	0.0209390652614335
Q9Y4K3	0	0	0.0224440860214399
Q9UHY1	0	0	0.00929714802662506
P35637;P35637-2	0	0	0.00709135502610268
Q9Y3C8	0	0	0.000677483325964753
Q6UWP7;Q6UWP7-3	1.47992650642574e-16	1.47992650642574e-16	0.00716129902458573
Q96KP1	1.50700866774596e-16	1.50700866774596e-16	0.00942763452256668
Q96TC7	1.37305229353819e-16	0	0.0029162928070285
Q5T1M5	0	0	0.000190231042621828
O75477	0	0	0.000225513445461897
O43776	1.69900676592238e-16	0	0.00723800585464402
P53582	0	0	0.0151134776687267
Q8NDZ4	0	0	0.0203978130703337
Q9Y4W6	0	0	2.21048541833145e-05
Q8IWA5-3	0	0	0.0191007319958202
Q96AX1	2.36707027996463e-16	1.18353513998232e-16	0.00204408811136119
Q8N6T3	0	0	0.0073364081755046
P22735	2.19930885984353e-16	2.19930885984353e-16	0.0132649578243886
O43491	0	1.77827604114775e-16	0.00116277968947134
Q14161	0	0	0.00344903546757829
Q9Y3S1;Q9Y3S1-2;Q9Y3S1-4	0	0	0.00502843727297595
P46939;P46939-2	0	0	0.0157649639041498
Q9HBF4;Q9HBF4-3	0	0	0.00165177471592901
Q86UD1	2.05622876678079e-16	2.05622876678079e-16	0.0259399961404642
P09960	0	0	0.0200999075575508
Q9P2R7;Q9P2R7-2	0	0	2.83349080977307e-05
Q86X83;Q86X83-2	0	0	0.000870737861928758
Q53T59	0	1.17259722187004e-16	0.019993630918049
P49841;P49841-2	0	0	0.0018042608218823
Q96E17	0	0	0.00671958911073705
P07942	0	0	0.000565570259685102
Q99653	0	0	0.000326717351469667
Q96FN4	0	1.66185424291754e-16	0.00643497154657585
P04156	0	0	0.00434866672133413
P23526	1.92369985853549e-16	0	0.0211122628668669
Q13144	0	0	0.0115264285272588
Q9UGP8	0	0	0.00077732880601646
Q9Y266	0	0	0.00172663042082585
Q5TCZ1	0	0	0.00228472209919459
Q9C037;Q9C037-2	0	0	3.73867823247722e-05
P10586	0	0	0.00558305235562091
Q9UI09	0	0	0.00162492896770655
Q9ULQ0	0	0	0.0171798007878609
Q66K74;Q66K74-2	0	0	0.0198707725321114
P84085	1.25557934447829e-16	0	0.00800353679427557
Q9BRR6;Q9BRR6-2	0	0	0.0192333111282325
O95865	0	0	0.0321422022490135
Q13148	2.2714777456412e-16	1.1357388728206e-16	0.0117780576880376
Q15750	0	0	0.0112699536873015
O75955	0	0	0.00641967375412559
O43813	2.1864963154239e-16	2.1864963154239e-16	0.0256976520585596
P62269	1.78986062363149e-16	0	0.00722612057495071
Q9Y262	0	0	0.0180616166664769
Q02218	0	0	0.00824240762609167
E9PAV3	0	0	0.0141271416440801
Q59EK9;Q59EK9-2;Q59EK9-3;Q59EK9-4	0	1.64611333255042e-16	0.0044564060584643
Q9Y2H0	0	0	0.00422497826094789
Q6NXT6	0	0	0.00213167987610964
Q9Y224	0	0	0.0387285563486536
Q53QZ3	1.56910854053225e-16	0	0.00306433786901389
Q8IZ81	0	0	0.00731782353090292
Q96C19	0	0	0.0198109920741135
Q6PIU2;Q6PIU2-2	0	0	4.77389258804756e-08
Q9H269	0	0	0.00417262784851223
Q7Z7F0;Q7Z7F0-2;Q7Z7F0-3	0	0	0.011436570897376
P46976;P46976-2	0	0	0.0219543012114096
Q9UEW8;Q9UEW8-2	0	0	0.0312392091114247
Q5JSP0	0	0	0.0100974476382385
P46782	2.17957379389602e-16	0	0.00166355199580776
Q9UKZ4;Q9UKZ4-2	0	0	0.00851088862462245
O95671;O95671-2	0	0	0.0132748438842298
Q8NBJ7	0	0	0.0201028279200374
Q9BQA1	0	0	0.0261630832059024
P02751-1	0	0	0.00174392524931772
O95433	0	0	0.00186495141636557
P55011	0	0	4.49777265904766e-05
Q9Y646	0	0	0.0283242470527493
Q63ZY3-3	0	0	5.8703129214405e-07
Q9BZF1	0	0	0.0443474835166328
P33121	0	0	0.0222869842152005
O75821	0	0	0.00566552374812451
Q9UKV8	0	0	0.000287934859341959
Q9Y6N5	0	0	0.0038124082546032
Q9BY44	0	0	0.0107970677846353
Q6UXV4	0	0	7.41254268983648e-05
Q9NVI7-2	0	0	8.27986706857918e-05
Q9NP58-4	0	0	0.0177132141934482
P63208	0	0	0.00477558793026762
Q8NG11	0	0	0.00716905656635836
P11940	0	0	0.0309597605143709
P21283	0	0	0.008592628326838
Q9P258	0	0	0.013893094021807
P08754	0	0	0.0209589112041364
Q15008	0	0	0.0226847569159629
P11441	0	0	0.0213372465168417
P52594;P52594-2;P52594-3;P52594-4	0	0	0.0205755325543419
Q9HC35	1.83540771107993e-16	1.83540771107993e-16	0.0148576798210703
Q9UGP4	1.78409908856514e-16	0	0.00692544094389282
Q9H9E3	0	0	0.00202765506134936
P49767	0	0	0.0139532359194152
Q9NWV8	0	0	0.025952510126758
P54136	0	0	0.00129905571283991
Q9Y5K5;Q9Y5K5-2;Q9Y5K5-3;Q9Y5K5-4	0	0	0.00441534359631794
Q93050;Q93050-1;Q93050-3	0	0	0.000988475058710385
Q5SW79;Q5SW79-3	0	0	0.00493747917487571
Q9H074	0	0	0.0287541637454411
Q9H9B4	0	0	0.020271107516353
Q12981	0	0	0.00916898145158481
O00534	0	0	0.00781587648000083
O14744	0	0	0.0155318645007706
P11279	1.46176109854592e-16	1.46176109854592e-16	0.0166099561493274
Q02818	0	0	0.000562725750675053
Q15475;Q9NPC8	0	0	0.0138539998960118
Q9BUN1	0	0	0.00431286906933939
P32321;P32321-2	0	0	0.00245984289226536
Q53TN4;Q53TN4-3	0	0	0.0024499337646916
Q13557-12	0	0	0.0283698026739433
P09769	0	0	0.00394033904144264
Q5VVQ6	0	0	0.008945309022819
P04040	0	0	0.0654190533086407
P05023;P05023-4	0	0	0.0298877943556139
Q92974;Q92974-2;Q92974-3	0	0	0.0153161850922711
Q12912;Q12912-2	1.49094135649611e-16	0	0.0148315653785627
Q9NR46	1.25116243664747e-16	1.25116243664747e-16	0.011001365630706
Q9Y4Z0	0	0	0.0033467093150696
Q8N138;Q8N138-4	0	0	0.00912923595863295
O95140	0	0	0.000364260856461718
Q96JC1;Q96JC1-2	0	0	0.0022732484561246
P02675	0	0	0.00706492852090019
O00160	0	0	0.0012105264190446
P36955	1.42728420598105e-16	1.42728420598105e-16	0.000746274814014853
P42574	0	0	0.00038779191792818
Q5VW36	0	0	0.00438581290561636
P46781	0	0	0.00795209708736682
B2RUZ4	0	1.16681171001744e-16	0.00198914789040778
P25098	0	0	0.0130911682596468
P53634	0	0	0.00313976675922915
O75369;O75369-2;O75369-8;O75369-9	0	0	0.00462673665041028
Q9HBI0	1.57802457805758e-16	0	1.79544683760453e-05
O60716-3;O60716-5	0	0	0.0220479732648576
P13639	0	0	0.00779905761439569
Q08752	0	1.21439763272255e-16	0.00129962695911924
P16435	0	0	0.00284904327627906
Q12904	0	0	0.00552610992823215
Q86X29;Q86X29-4;Q86X29-5	0	0	0.020771570030805
O43617	0	0	0.00570148352226182
Q10471	0	0	0.00155147797348967
P02671	0	0	0.009478420711036
Q86UP2	1.54800380983357e-16	1.54800380983357e-16	0.0128042051654501
O60925	0	0	0.0103832486504827
P04275	0	0	0.000416338626783451
P19256;P19256-2;P19256-3	0	0	0.000187135202319253
P47897	0	0	0.0135843029017156
O00571;O00571-2	0	0	0.0312809785646523
O00462	0	1.34865270594482e-16	0.00671818445344591
P62333	0	0	0.027260043976104
Q9H330	0	0	0.00284655853484748
O15305	1.40386824026941e-16	0	0.0122414202181069
Q14118	0	0	0.00110200853258612
Q7Z4W1	1.12001859965745e-16	1.12001859965745e-16	0.0328731357896281
Q92945	0	0	0.000651879803917457
Q99747	0	0	0.0134715206896676
P51648;P51648-2	0	0	0.00151769306406052
P09382	1.29082123009187e-16	0	0.0109288476197722
Q96AC1;Q96AC1-3	0	0	0.000919709873943693
P49184	0	0	0.00973236938697958
P42331-4;P42331-6	0	0	0.0104931164041037
Q13451	0	0	0.0120346247272125
Q9BXR6	0	0	0.00467985333785953
Q5JTV8	0	0	0.000245135826072688
Q7Z2W4	0	0	0.00844049426830076
P30622-2	0	0	0.00808474742412738
P52272;P52272-2	0	0	0.00358450921245786
P51114;P51114-2	0	0	0.0126498159726338
Q9Y305;Q9Y305-2;Q9Y305-4	0	0	0.00484792759989325
P06727	0	0	0.0276925258897809
P04114	0	1.16195218165554e-16	0.00800250559915322
Q92835;Q92835-2	0	0	0.0116320553618458
Q9BV40	0	0	0.016551831907804
A6NHM9	0	0	0.0125931954872999
P11172	0	0	0.00914814687646853
Q14318-2	0	0	0.0145075308168372
Q86X76;Q86X76-2;Q86X76-4	0	0	0.0176550130672413
P07858	0	0	0.0133046680800272
Q9BQA9;Q9BQA9-2	0	0	0.015702393147806
Q6P3X3	0	0	0.0036608054311777
Q9BSL1	0	0	2.0203466587631e-07
P62277	0	0	0.000154476399914205
Q8IUI8	1.26520157755942e-16	0	0.0155247331019483
P02679	0	0	0.00719438767018289
Q13057;Q13057-2	0	0	0.00991950814019405
P07355	0	0	0.0135701178308498
Q9Y6M1;Q9Y6M1-1	0	0	0.00801671682982326
O14734	1.84031382071129e-16	0	0.0105875926401592
Q9C0E8;Q9C0E8-2	0	0	0.00494912979295709
Q9Y285	0	0	0.010768039984099
A6NML5	0	0	0.00107112574861835
P78559	0	0	0.00380149852344378
Q9UPU5	0	0	0.00972765413572064
Q07954	0	0	0.0129420302282038
P42356	0	0	0.0265351830317721
Q9ULL4;Q9ULL4-2	1.1492467128603e-16	0	0.0180558457752297
O60256	0	0	0.0405218064687879
P62877	0	0	0.00345158959319795
P49795	0	0	0.00613265481603883
Q8IXJ6	0	0	0.000746310224400346
Q9NXL6	0	0	0.00256021556187253
P04003	0	1.29476425716179e-16	0.0016765381123176
Q5VZK9	0	0	0.00262189228289898
P31751	0	0	0.00180866791104977
O43306;O43306-2	0	0	0.00460402703702502
Q9HCG7	0	0	0.00117745069894918
Q9UDX3;Q9UDX3-2	1.12468863398004e-16	1.12468863398004e-16	0.00313398815042949
P08237;P08237-3	1.30836707193486e-16	0	0.0284932819480913
Q8TAT6;Q8TAT6-2	2.11035837633105e-16	2.11035837633105e-16	0.00768762233850751
Q8WXG6-2;Q8WXG6-3	0	0	0.00567580749761532
Q92544	0	0	0.000305591632076785
P09327	1.12593604366043e-16	0	0.0056998738794238
P36404	0	0	3.74296870974116e-05
P24752	0	0	6.56075774829111e-05
Q9UBQ0	0	0	0.0168692441889239
P08708	0	0	9.35309615922067e-05
P11049;P11049-2;P11049-3	0	0	0.018148531554341
O60488;O60488-2	0	0	0.0173477098235916
Q969V3;Q969V3-2	0	0	0.0259776206576549
Q9UJ70	0	0	0.0202050055521327
Q9NRF8	0	0	0.00405904985015643
Q14240	0	1.88767158260266e-16	0.0217550475667043
Q14254	0	0	0.00363516955703018
O43865	2.04518618431755e-16	0	0.0145791345415981
P00736	0	0	0.00355474955069308
O94973	0	0	0.00529343092814067
Q8IXI1	0	0	0.0227863781471868
P60866;P60866-2	0	0	0.00316158626158288
Q08AM6	1.25584116570993e-16	0	0.00355877371551797
O00442	0	0	0.0265861849381338
Q9NQT8	0	2.06493927005523e-16	0.00945598791672178
Q9UBX5	0	0	0.0275869060125026
P57772	0	0	0.016784806732948
Q9NQR4	0	0	0.0137676844467312
P05388	0	0	0.000650772697523773
Q9H8W4	0	0	0.00899081450051489
Q7L7X3	0	1.11880829400674e-16	0.0167122422634466
O94979	0	0	0.0250076117985027
P49189	1.46897500614866e-16	0	0.00280416736047567
O43765	0	0	0.000235073400764711
P08195	0	0	0.023242374955789
Q9HB40	0	0	0.0353537962358649
P01857	0	0	0.000275593279106517
Q9BZF9;Q9BZF9-2	0	0	0.00816584485961099
Q9HBL0	0	0	0.0109755849422681
O00303	0	0	0.00847285059224953
P31153	0	0	0.0290804111641275
Q15036	0	0	0.0105778094290126
Q86VX2;Q86VX2-2	0	0	0.00826645280511959
Q9H0Z9	0	0	0.00558889265219021
Q16822	1.19094396294209e-16	0	2.1844483949065e-05
Q8TBF2;Q8TBF2-3	0	0	0.0103818814409359
Q9UMY4;Q9UMY4-1	0	0	0.0018878744742309
O95295	0	0	0.00865781209239301
Q76LX8;Q76LX8-2	0	0	0.011025245322727
P30084	0	1.91442996168959e-16	0.0014468785480976
Q8N2G8;Q8N2G8-3	0	0	0.00105874861296564
P62714	1.5591923848542e-16	1.5591923848542e-16	0.0360568626763307
P15311	0	0	0.000516475802715121
Q9UPN7	0	0	0.0224713286859937
P12830	0	0	0.0149150955643906
Q9Y316;Q9Y316-3	0	0	0.022268824072996
Q86VN1	0	0	0.0161412690476338
Q9UL33;Q9UL33-2	1.26520642962581e-16	0	0.00429181467856332
Q9BPX6;Q9BPX6-3	0	0	0.0118533246933758
P35270	0	0	0.00614081197442313
Q9H3K6	1.68333998588267e-16	0	0.00126625211181223
P46734	0	0	0.0306232259228755
P15907	1.81691760087094e-16	1.81691760087094e-16	0.00154932042617941
Q92520	0	0	0.0188115911070323
P04196	1.74316878935242e-16	0	0.00364852512861964
Q9Y3E7	0	0	0.0100327718002712
P01116-2	2.18026009717325e-16	2.18026009717325e-16	0.0381747395465919
Q8N2S1-2	0	0	0.0280613538049869
Q8TC07-2	0	0	0.00567473468667375
O00232	0	0	0.0180865398838805
P32189-1;P32189-4	0	0	0.000359554087106887
Q5T3F8	0	0	0.00866167062707315
Q96IJ6	0	0	0.0231260116338684
P02647	0	0	0.0109232008175342
Q8NBI5-2	0	1.45875233217287e-16	0.0135411853752949
Q9BZV1	0	0	0.0248537929677883
O60664;O60664-4	1.12487091204376e-16	1.12487091204376e-16	0.0257518577338198
P63244	0	1.50931824208858e-16	0.000713872750165634
O15126	1.24267079737396e-16	0	0.00752738824842007
Q9P2T1	0	0	0.0132436938521748
Q5T5C0	0	0	0.000189088592566136
Q32P44	0	0	0.0104298158361909
P01034	0	0	0.0134647452712694
P07686	0	0	0.0111760448313944
Q99952	0	0	0.0125107951894753
Q00059	1.36764526364368e-16	1.36764526364368e-16	0.0138897037686294
Q969X5;Q969X5-2	0	0	0.00590416764762534
Q01459	0	0	0.00599302757209559
P08648	0	0	0.0269609376609037
O15357	0	0	0.0066313439449627
P09543-2	0	0	0.0198060185488014
P53367	0	0	0.0077438044762797
P01042	0	0	0.00370396760576764
P23368	0	0	0.0111631924666441
P27169	0	0	0.00189446310944038
O95714	1.34738795409155e-16	1.34738795409155e-16	0.00445087355816448
Q8IYW2	1.32759165623594e-16	0	0.00167953874407055
O95372	0	0	0.00224454206192023
P48740-2;P48740-4	0	0	0.00528610993352572
Q92499	0	0	0.0192446693811703
Q9H611;Q9H611-3	0	0	0.00429348071183248
Q96EM0	0	0	0.00691049202762599
Q14157;Q14157-5	0	0	0.0130821854747282
O14976	0	1.91568242576607e-16	0.0142553813276708
Q96AQ6;Q96AQ6-2	0	0	0.00176054171366029
P33527;P33527-9	0	1.79625228900266e-16	0.0132282888398261
Q0VGL1	0	0	0.00128433294958285
Q6IAN0	0	0	0.0223811170152048
Q2PZI1	0	0	0.00449035184968942
P51575	0	0	0.0196915804041372
O14949	0	0	0.0111094265296526
P43250-2	0	0	0.0227031205088597
Q08257	0	0	0.000134011827626877
P63092-3	0	0	0.0129776888736345
Q6BDS2	0	0	0.0146709980173192
P46777	0	0	0.000279745871157439
P21912	0	0	0.0196713923039898
Q9UK41	1.17514681807837e-16	0	0.00841797258929491
Q5SW96	0	0	0.00278247296939428
O95967	2.15562283066297e-16	2.15562283066297e-16	0.00397985559050187
P60891	1.40550609507138e-16	1.40550609507138e-16	0.0287340904142542
Q16401;Q16401-2	0	0	0.00914718754368964
Q16644	0	0	0.0285342138030063
P23381	0	0	0.0276285841384948
Q8IXI2-5;Q8IXI2-7	0	0	0.0100426508419087
Q8TF72	0	0	0.00217959571447113
Q15642-2	0	0	0.00601554173255885
Q9BU23-2	0	0	0.00343211938166409
Q99832	0	0	0.0292431438343965
P49411	1.1547951538439e-16	1.1547951538439e-16	0.01646780485745
Q08722	0	0	0.0254653224513617
Q14166	0	0	0.0183223491584438
O43432-3	0	0	6.76526680807245e-06
Q9H9C1	0	0	0.00573956148228041
Q969X0	0	0	0.0146587344277905
P46776	0	0	2.8693480155751e-06
P12268	1.52192193829444e-16	1.52192193829444e-16	0.0124758077409862
Q2M2I8-2	0	0	0.00127262728665165
O43236-7	0	0	0.0136179358888867
Q07020	0	0	0.00175022802472456
Q68D51	2.04004956239179e-16	2.04004956239179e-16	0.00807835617792271
Q9Y3I0	0	0	0.0270938631741929
O96000	0	0	0.0238418833640929
P84095	0	0	0.021354737953511
Q93008;Q93008-3	0	0	0.0213798729405399
Q16531	1.5295709060431e-16	0	0.0163234344390748
Q53RD9;Q53RD9-2;Q53RD9-4	0	0	0.00424850751062851
P26927	0	0	0.000328894689895142
Q9BRK5	0	0	0.0043106316564551
Q9Y673	0	1.23691731409901e-16	0.00562400513577031
P35754	0	0	0.00558952573895203
Q9NTK5-2	2.48592679617866e-16	1.24296339808933e-16	0.00523684026737173
Q9Y3P9	1.27572603461048e-16	0	0.000834026843400558
P10301	0	0	0.0200622513571508
P25686	0	0	0.0392440009648223
P39019	0	0	0.00195316174614239
Q9BPZ3	0	0	0.0154618854590907
Q6UWL2;Q6UWL2-2;Q6UWL2-3	0	2.05641911363644e-16	0.00963090978984893
Q99523	1.99355744847128e-16	0	0.00489574128139008
P50151	0	0	0.00479292980570884
P62424	0	0	0.00267058520755309
P49902	0	1.25013937733295e-16	0.00334698728568342
Q96IG2	0	0	0.0120546446835863
Q15751	1.52995708550843e-16	1.52995708550843e-16	0.00646098420423256
P18124	0	0	0.000191490760455854
A0AVT1	0	0	0.0151789842876195
P12081	0	1.84113022248526e-16	0.0102243841355464
Q9P2J5	0	0	0.01864324878635
P51812	0	0	0.00961533366557333
P25398	0	0	0.00943851232721759
Q02878	0	1.5499885966991e-16	0.000908158903860803
P45985;P45985-2	0	0	0.00225725533043264
Q13492;Q13492-2;Q13492-3;Q13492-5	0	0	0.0275184241265923
P30038	0	0	0.000678739856692861
Q00688	0	0	0.00821588466433847
Q709C8;Q709C8-3	0	0	0.0193631843164194
Q00722;Q00722-2;Q00722-3	0	0	0.0206215227748755
Q9Y3F4	0	1.44658660123273e-16	0.0233840207983293
Q13217	0	0	0.0199112051267445
Q15166	0	0	0.00154826525254322
Q6FI81;Q6FI81-3	0	0	0.00106530739429911
P14866	0	0	1.43009467933589e-05
P16278;P16278-3	0	0	0.0278041633499366
P02649	0	0	0.00445444475876717
P22105;P22105-1;P22105-4	0	1.54677058291548e-16	0.000576928434795736
P61923	0	0	0.0146166091942253
Q9H7D7-2	0	0	0.00603750305087374
O14979	0	0	0.020421905510169
Q9NVK5-2	2.1954136817262e-16	0	0.00366046401193158
Q8WUM4	0	1.83202636402684e-16	0.0299275951248368
P23919	1.85791888270784e-16	1.85791888270784e-16	0.0408032144774749
O75069;O75069-2;O75069-3;O75069-5	0	0	0.0136007249581292
O14523	0	0	0.00431892424887559
Q9UNS2	0	0	0.00631029240975543
P06865	1.25879700322875e-16	0	0.00274609494539642
P22695	0	0	0.00828566011692781
Q8WVC6	0	0	0.0018082449572406
P28676	0	0	0.0140815776223913
Q7LBR1	0	0	0.0216233384835506
O95861	0	0	0.00680464150733779
Q9NZ52	0	0	0.000127176947307106
P08253	0	0	0.00674147229666026
Q2Q1W2	1.29837915422011e-16	0	0.0126194196566261
Q08495	0	0	0.0179662578112311
Q8WTW3	0	0	0.00617887865171298
Q9NPJ3	1.93546615133232e-16	1.93546615133232e-16	0.0014932957003127
Q9UBW8	0	1.16832877995046e-16	0.0136995996068564
Q8NCW5	0	1.18174427009633e-16	0.0169364307636532
Q9NXU5	0	0	0.013208354592754
Q17RC7	0	0	0.00642075828830172
P26373	0	0	0.00462961090735013
Q12846	0	0	0.0155163887102717
Q6UY14;Q6UY14-2;Q6UY14-3	0	1.73151796012617e-16	0.00177665910810783
Q9Y3A3;Q9Y3A3-3	0	0	0.00382671103120677
Q7L2H7	0	0	0.00021049913007757
Q8TB24	2.13762828338114e-16	2.13762828338114e-16	0.00712651535520864
Q9H0W9;Q9H0W9-2	0	1.55534990053168e-16	0.0055404676638263
O14662-2	0	1.1878841772402e-16	0.000271264455270822
Q9UK45	0	0	0.0163123725678391
P16219	0	0	0.00402680119050842
P61764	0	0	0.000929518266895199
P53007	0	0	0.00260940218337242
Q8WUY1	0	0	0.030743571622574
Q14162;Q14162-2	0	0	0.0115908307030537
Q4AC94-4	0	0	0.000527008615616109
O43242	0	0	0.0148965964101326
P10909-6	0	0	0.00373609355602697
O14791	0	0	0.00812578916453876
P50570-4	0	0	0.0327121356208474
O43772	0	0	0.00953087378732639
Q68EM7;Q68EM7-2	0	0	0.0181116531731998
P98171;P98171-2	0	0	0.00982331265480847
Q5TCS8	0	0	0.0276450605553044
O94925	0	0	0.00429019717791439
Q86X55;Q86X55-1	0	0	0.000307165387156191
Q9NP79	0	0	0.0156649221546173
Q96HD1	0	0	0.0197176775776449
Q9Y4L1	0	0	0.0336139350409725
P13804	0	0	0.0096816652641782
P27987	1.90992974597712e-16	0	0.0100488578737213
Q12765	0	2.20836722129975e-16	0.0089529892354672
Q6ZUX7	0	0	0.000973566999202598
P02654	1.63999661019935e-16	0	0.0110212469712294
Q14739	1.95222002213444e-16	0	0.0316772857339662
Q4V328	0	0	0.0104989026846578
P05154	1.28977212969053e-16	0	0.0152942572634142
P19784	0	0	2.67338438935594e-07
P06733	0	0	0.0456840383534061
P35613	0	0	0.0206289532395893
O95182	0	0	0.00992426196569088
Q96CS3	0	0	0.0133415994982062
Q00013	0	0	0.0265895079829231
Q99816	0	0	0.0133654488216335
Q13443	0	0	0.000204966344552276
Q9HCM2	1.88630023211827e-16	0	0.00629722282075169
Q92841	0	0	0.000721574580565753
O95573	1.18404363122101e-16	0	0.0102092959063125
P62266	2.02209782254409e-16	0	0.00224249905936774
P30566	0	0	0.0337888974186637
Q9UNW1	0	0	0.00219077135455899
P13798	1.4874819324801e-16	1.4874819324801e-16	0.0111324755363466
Q96KG9;Q96KG9-2;Q96KG9-3;Q96KG9-4	0	0	0.0175160411348282
Q5M775-2	0	0	0.00354139330711373
O15498	0	0	0.0162430564192285
P22059	0	0	0.0238881260599689
Q8TER0;Q8TER0-5	0	0	0.000145505604346553
Q16849;Q16849-2	0	0	0.00177024227022971
P51570	0	0	0.0308858956471121
Q9H251;Q9H251-2;Q9H251-3;Q9H251-8	0	0	0.00303513468880395
Q6UW02	0	0	0.0129230409306551
Q6R327-3	0	0	0.0218315702563396
P21399	0	0	0.0111753752575332
P27708	1.86078293305833e-16	1.86078293305833e-16	0.0312645106620173
P29622	0	0	0.00215012498618692
Q9NPH3	0	1.76280335103249e-16	0.0102576885027033
Q15047;Q15047-3	2.01732412196975e-16	0	0.0175532579288432
Q92692	1.63439029754659e-16	1.63439029754659e-16	0.00846192863518738
P35573	0	0	0.017722846686349
P04179;P04179-4	0	0	0.0101569074487612
P18433;P18433-6	0	0	0.0190274734521827
Q9NUY8	0	0	0.0136334612191016
Q13283	0	0	0.0125752607797897
P50454	0	0	0.016548780299965
P15121	0	0	0.0210592578327925
Q9Y6C2	0	0	0.00348595622313794
Q6ZS81	0	0	0.00931343526979615
P00505	0	0	0.00506504085044373
P50914	0	0	0.00151368401293591
Q53H12	0	0	0.00438671666654354
P09525;P09525-3	0	0	0.00652680601353597
O95379-3	0	0	0.0218111821461729
P0CG39	0	0	0.0104211067951173
Q96HS1	0	0	0.00653518017670485
Q15181	0	0	0.0584038740661779
A1A4S6	0	0	0.000657339618398921
Q9BZQ8	0	0	0.00586919328802716
P11215;P11215-2	0	0	0.0110433582266931
P16333	0	0	0.0124311214793261
P07947	0	0	0.00566991800366188
P06703	1.14055009965756e-16	0	0.0441400426750006
O95858	0	0	0.00777498122541822
Q8N3R9;Q8N3R9-2	0	0	0.00845063087069137
Q04756	0	0	0.00763564843693064
Q8WUW1;Q8WUW1-2	0	0	0.0290022770258356
Q8NF50;Q8NF50-2	0	0	0.0339892589958984
P62191	0	0	0.0176748208849765
Q8NB37	0	0	0.00888664854765029
Q13683;Q13683-10;Q13683-3;Q13683-7;Q13683-9	0	0	0.00145345588709993
Q9NWZ3	1.14430569762694e-16	0	0.0142134406113728
Q9UHQ4	0	0	0.00688150321600326
O15258	0	0	0.0199074979206388
P05090	0	0	0.000403161510823816
Q13362-4	0	0	0.00676947260122094
O95630	0	0	0.0195662600044069
P02452	0	0	0.00853413221141858
Q8TEJ3	1.18675785363009e-16	1.18675785363009e-16	0.0042039309928279
P08865	0	0	0.0259932026068444
O14980	0	0	0.0139564427324218
Q9NRW7	0	0	0.00430774778339703
Q6UWP8	0	0	0.00773694232086854
P49757;P49757-3	0	0	0.0134686106724775
O14498	0	1.44303806717924e-16	0.00706325427730268
P10398	0	0	0.0195342536744045
P02743	0	0	0.00258822514533037
Q5VST6	0	0	0.00846375418044249
O75663	0	0	0.0137568048916957
P78371	0	0	0.0374544715886407
O00170	0	0	0.00335979315906302
O43561;O43561-2;O43561-3	0	0	0.00797382624700546
Q5T6V5	1.68583822123755e-16	0	0.0020267804984779
Q70IA6	0	0	0.0226351169721936
Q99704	0	0	0.00478207767563922
Q3YEC7;Q3YEC7-2	0	0	0.00171977812236999
P09038;P09038-1;P09038-2;P09038-3	0	0	0.00787261671078735
P62847;P62847-2;P62847-3;P62847-4	0	0	0.000118333268959082
P62244	0	1.8089343697344e-16	0.000278537112287129
P48449	0	0	9.85486625993571e-08
P51798;P51798-2	0	0	0.00737782458877704
Q4KMP7	0	0	0.0126558580297099
Q13200	0	0	0.0202094077731806
P18065	1.66325532237434e-16	1.66325532237434e-16	0.00443195878397612
P07358	0	0	0.00499500290307053
Q14112;Q14112-2	0	0	0.0278587137760291
O75746	0	0	0.00305756336719851
O15315-1	0	0	0.0029451134430767
P62263	0	0	0.00556477720864142
Q04206-2	0	0	0.012825086044616
Q9NY15	0	0	0.0100016296496491
P15291;P15291-2	0	0	0.000222531121186906
P56192	0	0	0.0107515990826228
Q5HYI8	0	0	0.0149668438541337
Q03154	0	0	0.0446243815212357
Q12797	0	0	0.0117504345557273
Q15208	0	2.19137446898288e-16	0.00366932738340124
Q9UHW9;Q9UHW9-2;Q9UHW9-3;Q9UHW9-4;Q9UHW9-5;Q9UHW9-6	0	0	0.00664491922786338
P01133;P01133-3	0	0	0.0118254968843889
P39748	0	0	0.000262016224212086
P10114	0	0	0.0331061732734099
O94905	0	0	0.00119432062623705
Q5GH77	2.32604462645003e-16	0	0.00294140459708146
Q7Z3C6	0	1.96361716833014e-16	0.00500444505946277
Q00839	1.6775676188487e-16	1.6775676188487e-16	1.82990162311798e-06
Q15363	0	0	0.0163241886183341
Q86UL8;Q86UL8-2	0	0	0.023339933895211
P61081	0	0	0.0146790046827072
Q15738	0	0	0.00764591037837195
Q9Y4H4	0	0	5.13917982981809e-05
Q86YV0	0	0	0.00452378578882214
Q6VY07	0	0	0.0238467314826025
P36507	0	0	0.0195046099995286
P55036	0	0	0.0141837464332319
Q9Y570;Q9Y570-4	0	0	0.0182305702551897
P62280	0	0	0.00361439799595546
Q13033	0	0	0.0149052760200252
Q9P0T7	0	1.97342162344307e-16	0.00834719863392298
P04180	0	0	0.00180687090737311
P61626	1.15647123615693e-16	1.15647123615693e-16	0.00770381899160352
P07108	0	0	0.0145243047783808
P61966	0	0	0.00427279524789361
P51790;P51790-4	0	0	0.0111115962846542
Q06830	0	0	0.0430600509892634
Q09666	0	0	0.00737378493472691
Q12805;Q12805-2;Q12805-3;Q12805-4;Q12805-5	0	0	0.0107248410573848
Q8WU79	0	0	0.0232385255447484
Q9NP80	0	0	0.00588300490165963
P32119	0	0	0.00508416551688547
O00421;O00421-2	0	0	0.0177571507119489
O75822	0	2.15096255104527e-16	0.00726115560063151
Q86TH1	0	0	0.0235677734442854
Q9UNM6	0	0	0.0178956078155737
Q9Y2Z0	0	3.1345040369647e-16	0.0146413683771027
Q14764	0	0	0.0202323145869325
P63096	0	0	0.00618106134265238
Q9UL26	0	0	0.0330435603578487
Q07021	0	0	0.00104115598295844
Q04446	0	0	0.03457458813128
O00231;O00231-2	0	0	0.0198787581053187
P68104;Q5VTE0	1.39753229725881e-16	1.39753229725881e-16	0.042891225208243
P05362	0	0	0.0235487521790154
Q13103	0	0	0.0079667134135309
O15083	1.2527337516894e-16	1.2527337516894e-16	0.00102136964646669
Q9UJW0	0	0	9.13863054412628e-05
Q9UJ68-5	0	0	0.0246437330187756
Q07866-4;Q07866-6;Q07866-7	0	0	0.00401401903669365
Q9UKE5-4;Q9UKE5-6	0	0	0.01231892856747
A0A1B0GTC6	0	1.72753255334927e-16	0.0296600152549499
Q92905	0	0	0.0220159629709633
P00747	0	0	1.12362683104498e-05
Q6ZMP0	0	0	0.00793522124175508
P48163	0	0	0.000685837807074404
Q9UHV9	0	0	0.0151330463434963
P06396	0	0	0.0110148532480955
P00441	0	0	0.00346952939997734
O95445	0	0	0.00544906148633158
Q96JJ7	0	0	0.0247857056125643
Q92598;Q92598-2	0	0	0.02819867945077
P53990;P53990-2;P53990-4	0	0	0.0182551469757845
P67870	0	0	0.0166242583959275
Q96JB5	0	0	0.00151201671740782
Q9NZD2	0	0	0.0116457183864415
O75356	1.35037941690858e-16	1.35037941690858e-16	0.013940536618568
O60637;O60637-2;O60637-3	0	0	0.0030910622985992
P49821;P49821-2	0	0	0.00032506122762673
Q14011	0	0	0.0278467520780747
P08574	0	0	0.00441078693047016
Q99714	1.79343546352526e-16	0	0.0143626948391758
P23588	0	0	0.0262686699060839
P14209;P14209-3	0	0	0.013904404695688
P02656	0	0	0.00996121308092111
Q71RC9	0	0	0.000718878046651502
P17066	1.95013252734861e-16	0	0.0329696331925617
O75190	1.17369298803295e-16	0	0.0134424632569174
P57103-2	0	0	1.5936423584433e-05
P62826	0	0	0.00850708538028132
Q15758	0	0	7.32225869516553e-05
Q86U17	0	0	0.000180903034005818
Q14315;Q14315-2	2.16833972590762e-16	0	0.00432347146720922
Q5MNV8	0	0	0.00380904503574879
Q8WVM8	0	0	0.0114937178037798
P47756-1	0	0	0.0495122596462385
Q9UIA9	0	0	0.0311310188049584
Q13043	0	0	0.0123483482862693
Q5W0V3	0	0	0.00247352257388831
P08670	0	0	0.00493059537441007
Q13162	1.33650121885491e-16	1.33650121885491e-16	0.00496213748849466
P55060;P55060-3	0	0	0.0216047062610655
Q13126	1.80985615541218e-16	1.80985615541218e-16	0.0221248250342625
O43149	0	0	0.00743779588823365
Q9UI12;Q9UI12-2	0	0	0.0149153968316707
P04406	1.21919465806369e-16	1.21919465806369e-16	0.0419854774960245
P04439-2	0	0	0.0251264789275448
P19021-5	0	0	0.00174229807253605
O00187	0	0	0.0130397736524396
Q9Y2T2	0	0	0.0195330984809284
Q9GZZ9	0	0	0.0345224411979293
P10827	0	0	0.00533035921384328
Q2TAA5	0	0	0.0190806336887041
P98160	0	0	0.00343819619782887
Q05940	1.18432237201404e-16	0	0.000332893148927017
Q9Y2X7	0	0	0.011405462334003
P28906	0	0	8.3692841679237e-05
Q13442	0	0	0.0215318549274746
P22352	1.69289998152291e-16	0	0.00113287992996364
P51153	0	0	0.00997954547178748
O60313-2	1.50877186856289e-16	0	0.00683599127959055
Q9BWP8;Q9BWP8-10;Q9BWP8-2;Q9BWP8-4;Q9BWP8-6;Q9BWP8-9	1.32535639350465e-16	0	0.00965910913206445
P61353	0	0	0.00246023181168675
Q15311	0	0	0.000489537712273066
P11908-2	0	0	0.00111499956302843
P17931	0	0	0.020736660718128
P61421	1.85465336652093e-16	0	0.0109998850619482
O60262	0	0	0.0209687204895137
Q9NSD9	0	0	0.00622627614177248
Q92556	1.75136877697115e-16	0	0.0215126774318387
O60346	0	0	0.00674400973872914
P53992	0	0	0.0165314444964934
Q86YW5-2	0	0	0.00809497884249641
P47985	0	0	0.0156843832816451
P62829	0	0	0.000684840591376771
P31930	0	0	0.0173760906827467
Q9NZ32	0	0	0.0133650674651353
P17936;P17936-2	0	0	0.00393400551764558
P35998	0	0	0.0127338391126001
Q7Z6Z7;Q7Z6Z7-2;Q7Z6Z7-3	0	0	0.0219501583344563
P13598	0	0	0.0200829230965371
P00492	0	0	0.034658920398084
P60228	0	0	0.0127953912716492
Q12931;Q12931-2	1.49463440320943e-16	0	0.0111046946943296
Q5JR59	1.70810872041199e-16	0	0.00673863438813917
Q8NFQ8	0	0	0.00291205731645432
Q8N9N7	0	0	0.0187797519865769
Q14571	0	0	0.0109861767510831
P07954-2	0	0	0.00275673609797867
Q3ZCQ8-2	0	0	9.91027414832993e-05
Q9UJJ9	0	0	0.0418845612609179
P30273	1.13664226238483e-16	0	0.0296737700727507
Q96IU4	2.21896899024578e-16	2.21896899024578e-16	0.0170829447337031
Q9C0H2;Q9C0H2-2	0	0	0.00630136453833624
Q8IZ83	1.56763195664198e-16	0	0.0296777699867444
P21281	0	0	0.0289254333637752
Q9Y4I1-3	0	0	0.0159627709206805
P61201;P61201-2	0	0	0.0135753848298753
P80303;P80303-2	0	0	0.0167930382308863
P25789	1.25065400003934e-16	0	0.0245858000697357
Q13131;Q13131-2	0	0	0.0140813147634906
Q15629;Q15629-2	0	0	0.00623160696504857
P48556	0	0	0.0087022413177701
Q9H9T3-4	0	0	0.00993831033149937
P20936;P20936-2;P20936-4	0	0	0.0119789622723416
Q9BUQ8	0	0	0.00716093887686589
Q14999	1.65342407210471e-16	0	0.00102594832943639
P04004	0	0	0.00874015042046401
P30419	0	0	0.0153496925594366
P62879	0	0	0.0243169497129666
Q15582	1.13376891303312e-16	0	0.00338070777584281
O43237	0	1.33731682768514e-16	0.00200428823905767
Q9Y6C9	0	0	0.0104054015899593
P09917;P09917-2;P09917-3	1.85497136622783e-16	0	0.0116051399233212
Q9NR12-2	0	0	0.013071784340015
Q86SQ4;Q86SQ4-3	0	1.25651504184682e-16	0.0102978395048934
Q9Y274	0	0	0.024187829210996
Q96PM9;Q96PM9-3	1.83069258968976e-16	1.83069258968976e-16	0.00988217985731229
P80723	1.20287144511344e-16	1.20287144511344e-16	0.0201185507213409
P52943	0	0	0.00470839968087404
Q8TB61-3	0	0	0.000459848508993912
P19634	0	0	0.0238120538600114
Q04771	1.85024902562842e-16	0	0.0220785272217109
Q7Z478	0	0	0.0142804341271961
P63279	0	1.51482079782628e-16	0.000749955072997526
Q9Y210;Q9Y210-3	0	0	0.0117498141595607
O95428;O95428-5;O95428-6	0	0	0.0102533052289619
P50213	0	0	0.00133156332114763
P55884;P55884-2	0	0	0.0139915940964452
Q92747	0	0	0.00829380131891175
Q9UGI8	0	0	0.00263759589770405
P51151	0	0	0.0109266448478982
Q9H7J1	0	0	0.0269427909988112
O75326	0	0	0.0247314130603226
Q15836	0	0	0.0110361883147801
P28161	0	0	0.000687718726126473
Q9UBF2	0	0	0.0192609465807038
Q9Y230	0	0	0.0188483570599493
Q99436	0	0	0.0250179990488703
O00116	0	0	0.00684961406863478
Q9UBN7	0	1.30799608372711e-16	0.0178299303035539
P55809	1.89117637984671e-16	0	0.00155468790583629
P34896-2	0	0	0.0413516161241039
Q6ZMI0	0	0	0.0026514164589608
Q9NQ79-2	0	0	5.86761443929607e-05
P08123	0	0	0.000126023922545174
Q658P3-2	0	0	0.00114361834089615
O94812;O94812-2;O94812-3;O94812-5;O94812-6	0	0	0.00515644212973147
Q96T51	0	0	0.0184868053970113
Q02985;Q02985-2	0	0	0.000105625185576084
P61225	0	0	0.0233367555789821
P34897;P34897-3	1.84269631867019e-16	0	0.00731434512279571
Q6ZRY4	2.16740612992227e-16	0	0.00225485596430341
P62913;P62913-2	0	0	0.000963677009091474
Q9BZE9;Q9BZE9-2	0	0	0.00329660652225332
O75962;O75962-4	0	0	0.00554303340570694
P09110	0	0	0.0225998402258315
Q9NP78;Q9NP78-2;Q9NP78-3;Q9NP78-5;Q9NP78-6	2.01494175779725e-16	0	0.00761794167571051
Q9UHG3	0	0	0.00742473620273652
P51793;P51793-2	1.91592426460274e-16	0	0.00367390610295598
Q96QS1;Q96QS1-2	0	0	0.0181485176337306
O00391	1.13623608720223e-16	1.13623608720223e-16	0.00390403872367325
Q9BUD6	0	0	0.02251888980554
P04899	0	0	0.0251712033061566
Q5T4S7-4	1.76908879994499e-16	0	0.0214634186894709
O75683	0	0	0.0102615611515505
Q9UQ16-2	0	0	0.0138293744104079
P40227	0	0	0.0315492177685706
P11310;P11310-2	0	0	0.00273712088176718
Q6ZWT7	0	0	0.0178772423842515
P07225	0	0	0.000789195002387768
P16070;P16070-10;P16070-11;P16070-12;P16070-13;P16070-14;P16070-16;P16070-17;P16070-18;P16070-3;P16070-4;P16070-5;P16070-6;P16070-7;P16070-8	0	0	0.00685775134679331
P02749	0	0	0.00832015097576486
O15539;O15539-2	0	0	0.00751343456988069
Q6DHV5	0	0	0.00215339251326976
Q9Y6Z7	0	0	0.00619824843421157
O00505	0	0	0.0157989092647779
Q15771	1.73545530825993e-16	0	0.001455696999449
Q9Y2L6;Q9Y2L6-2	0	1.63573862514513e-16	0.00566144519479711
Q9HB90	0	0	0.00106738619816471
O15417	0	0	0.000884355345340111
Q9H425	0	1.19580221203164e-16	0.0189155560308956
Q13347	0	0	0.0193741087647936
Q9Y3Q8	0	0	0.0229503684571554
Q9UPX8-1	1.50525621672388e-16	0	7.95882051227144e-05
Q8IVF2;Q8IVF2-3	0	0	0.000647342458832344
Q8ND76	0	0	0.00767243446079952
Q14697-2	0	0	0.0250363158370586
Q15436	0	0	0.00967936509921098
P07339	0	0	0.0273350872991189
P53814-5	0	0	0.0126152927304846
Q9Y5X1	0	0	0.0113350292999768
P49755	0	0	0.0114354191010805
Q96RL7	0	0	0.0319486475019502
P12111	0	0	0.0117980589034137
Q8TDX7	0	0	0.0181178170558152
Q04759	0	0	0.0112814845077963
Q6YHK3	0	0	0.0114903877268556
Q9Y4E8	1.35909463571918e-16	0	0.0237573500855671
Q8TCT9-5	0	0	0.0228554621102965
Q9Y6D6	0	0	0.0174068443040153
P63218	0	0	0.0274607709168252
P05164;P05164-2;P05164-3	0	0	0.00129672003473705
P78410;P78410-2;P78410-3	1.55666260895292e-16	0	0.0245323156167561
P10321	0	0	0.0101464554037613
P09668	0	0	1.62921203359399e-05
P36959	1.41561093789358e-16	0	0.0317642633288833
Q8NC51-3	0	0	0.0190858845320285
Q13790	1.26172753447028e-16	1.26172753447028e-16	0.0196518426648838
O15230	0	0	0.000184082384792104
P48061;P48061-2;P48061-3;P48061-4;P48061-5;P48061-6	0	0	0.0229370045037767
O95260-2	0	0	0.02249849071492
P53680	1.1404249347971e-16	0	0.0131804606225125
Q08380	0	0	0.00643403321152183
Q96D31	1.35600510227615e-16	1.35600510227615e-16	0.0159040604435697
P56378	0	0	0.00882916340877322
P04424	0	0	0.0128011488098784
P28340	1.60595085237057e-16	0	0.00116542840859366
P14543	0	0	0.0226189953550484
O60884	0	0	0.022659166363999
Q9Y5X3	0	0	0.00940296121700379
P01876	0	0	0.00165910116888236
Q8NE86;Q8NE86-3	1.36067277155037e-16	0	0.00845162064530841
O15040	2.1526534185345e-16	2.1526534185345e-16	0.00765984241260335
Q9NRG1	0	0	0.00823759436087235
Q6Q788	1.24776547707192e-16	0	0.0126683867192995
P38571;P38571-2	0	0	0.0025089369950808
Q9Y385	0	0	0.00224696986101256
Q14642	0	0	0.0154999385189489
Q04637-8	0	0	0.0228334437109193
P63173	0	0	0.000762498353409672
O00186	0	0	0.0276942024932664
Q99460	0	0	0.0136209539825742
P35711;P35711-2;P35711-5	0	0	0.0116852092048444
Q15389;Q15389-2	0	0	0.0398134591335926
Q9UHD4	2.60749973139711e-16	0	2.46175621594332e-07
P11586	0	0	0.034610669624941
P22681	0	0	0.0163540551217908
Q9NPA2	0	0	0.005559101446705
Q9H6X2;Q9H6X2-5	0	0	0.00233104459712472
Q6V0I7;Q6V0I7-3	1.28966901266246e-16	0	0.0318460298234474
Q8NE71	0	0	0.00938465709517028
P55735;P55735-2;P55735-3;P55735-4	0	0	0.0107332507309755
O95466-3	0	0	0.0375151250383481
O15120	0	0	0.0254824258945373
P51159	0	0	0.0225736485672812
Q9NUQ9	0	0	0.0245543145874869
Q8N128	0	0	0.0016623747254048
Q9Y5U9	0	0	0.0015265116065271
O43752	0	0	0.00154067395055577
Q8NBS9	0	0	0.0255208223842243
Q9Y265	0	0	0.0217849387649383
Q5T447	1.22498995144049e-16	1.22498995144049e-16	0.0263618275757188
Q96PD5	0	0	0.00299036044342132
P15586;P15586-2	0	0	0.0137376913989915
P38117	0	0	0.0157001175132922
O60496	0	0	0.0075622617036782
P35914	0	0	0.00453927891478293
Q8NBQ5	0	0	0.00754462833085239
O94874	0	0	0.00814379299630938
Q8N1G4	0	0	0.0183725684119141
O60762	0	0	0.0078405755522419
O75874	0	0	0.0528277845682042
O15400;O15400-2	0	0	0.012945909508294
Q8N5K1	0	0	0.0302690484517855
Q9Y2J2-2	0	0	0.00468957835984479
Q13496	0	0	0.0124171784953836
Q96NW7;Q96NW7-2	0	1.45310378184926e-16	0.00842955841109662
P62195	0	0	0.0242795641530253
Q96FW1	1.88055461863545e-16	1.88055461863545e-16	0.00491816690054141
P39060;P39060-1;P39060-2	1.59208964159307e-16	0	0.00683058211845751
P20042	0	0	0.022712662960647
P35241	0	0	0.0206233694529238
Q15370;Q15370-2	1.196106362161e-16	1.196106362161e-16	0.0264061401053261
O95674	1.12763914025698e-16	0	0.00598938094672338
P29965	0	0	0.0036997898243485
Q12841;Q12841-2	0	0	0.000874830518115137
Q14088	0	0	0.00815258385902718
Q9HD20	0	0	0.00671312223758022
Q9UNH7	0	0	0.0211812366352523
Q9Y371	1.3967127816284e-16	0	0.0118858012464603
B9A064	0	0	0.000311124358971686
P17812	0	0	0.0043954320185093
Q99501	0	0	0.0133808896636306
P59665;P59666	0	0	0.00252103360811874
O95571	0	0	0.00328160675323578
Q14155-1	1.34102555796612e-16	0	0.0162336016917041
O95747	0	0	0.0126826513469996
P16035	0	0	0.000998133907569135
A0A0B4J2D5	0	0	0.0157965118112539
P42025	0	0	1.69382889903072e-05
O60268;O60268-3	1.51846652926855e-16	0	0.00534612724540524
P35858-2	0	0	0.00475165110091027
Q16799	0	0	0.0140231044749779
O14745	1.2531788352771e-16	0	0.0271117623483334
O00233	0	0	0.0351408016877852
Q5VY43	0	0	0.00650424958991018
Q13404	0	0	0.0366619125108458
P31949	0	0	0.000273863318784685
Q00796	0	0	0.016025766693326
P05019	0	0	0.00254940486462087
Q86UE4	0	0	0.0144327387822803
Q9Y6E2	0	0	0.0272774336058227
Q9UBS4	0	0	0.00794569331598795
P25325-2	0	0	0.0302832673097482
P35542	1.14374312272876e-16	0	0.00348151439684265
Q9UBQ7	0	0	0.022405416785334
Q8NBP7	0	0	0.0111228149870334
Q15388	2.03333073798678e-16	0	0.000554039916271203
Q99969	0	1.21539659263408e-16	0.0293977037408318
Q15185;Q15185-4	0	0	0.000869407132342472
P15529-2;P15529-3;P15529-4;P15529-5;P15529-6;P15529-7	0	0	0.0209454339891558
Q9UHB6-4	2.71037152061529e-16	0	0.0130394220878799
Q6IN84	0	0	0.00116856659427522
O95721	0	0	0.0137801907391291
O75954	0	0	0.00488575487854105
Q96RI0	0	0	0.00513479995322101
Q06323	0	1.27376715598512e-16	0.0416302586880652
Q96CW1;Q96CW1-2	0	0	0.025348195036626
Q9UBM7	0	0	0.00517961719576529
P13929	0	0	0.0278802829387611
Q3LXA3	0	0	0.0166517943064272
Q8NBF2	0	0	0.0120173135298619
Q14696	0	0	0.0174338521178579
O15327	0	0	0.0174646004841317
Q9UEY8	0	0	0.0159021430585528
Q9Y3E0	0	0	0.00242491419480577
O14639-6	0	0	1.52368582936617e-05
Q9BX67	0	0	0.00903856070353016
Q9H6Q3	1.14258498605402e-16	1.14258498605402e-16	0.00504650695546638
P56381	0	0	0.00379115598197857
Q15796;Q15796-2	0	0	0.012690540489289
P49913	1.71069379421668e-16	0	0.000521869456486182
Q07666;Q07666-2	0	0	0.00459751166129545
Q8NE01	0	0	6.22997592510581e-05
P51665	1.4214726344351e-16	1.4214726344351e-16	0.0279633664105769
P46459	0	0	0.0346237446832121
Q8TDM6;Q8TDM6-4	0	0	0.00060660083941069
P16152	0	0	0.0250477599029348
P02760	0	0	0.000762629582965674
Q13813	0	0	0.0164983919046467
Q8N766;Q8N766-2;Q8N766-3	0	0	0.0105805803380831
Q08397	0	0	0.0270696199576904
Q9Y5K6	0	0	0.013922700344914
P20851;P20851-2	0	0	0.000507885626199879
O60331-3	1.99870127874963e-16	0	0.02443233278624
P17252	0	0	0.0214937465596524
P60985	0	0	0.00622442301733016
P23258	0	0	0.0139547179310809
Q15369	1.55288542635887e-16	0	0.0133648620489304
Q86UX2	0	0	0.00512782889424175
P06730;P06730-2	0	0	0.0181184649131286
A1L3X0	0	1.32203544953898e-16	0.00295135132849408
P49748-3	0	0	0.0233762168574476
O43396	1.67596569836428e-16	1.67596569836428e-16	0.0106000638587776
P55160	0	2.18697745132506e-16	0.0206655191111517
Q9UEU0	0	0	0.0106758897886016
P61020	0	0	0.017387858836565
Q02153	1.4800007244786e-16	0	0.0118291333448043
P09497-2	1.15050705292448e-16	1.15050705292448e-16	0.0159209562605327
Q13564;Q13564-2;Q13564-3;Q13564-4	0	0	0.0231817127697713
Q99715;Q99715-4	0	0	4.73682843810241e-06
O95292	0	0	0.0158995370902735
P17980	0	0	0.0302182820755027
P43487;P43487-2	0	0	0.0218585213526445
Q9NVG8	0	0	0.0096984264394801
P47914	0	0	0.0045838871725261
P47712	0	0	0.015903849227119
Q02040	0	0	0.0216996203113541
Q02750	0	0	0.0208944319389028
P61758;P61758-2	0	0	0.0201880557086248
P61073;P61073-2	0	0	0.00213130107698591
Q8WUJ3	0	0	9.52881034852259e-06
P15502-1;P15502-2;P15502-4;P15502-5	0	1.96327050802595e-16	0.00242428511819371
P98194	0	0	0.0089622819909276
Q15005	0	0	0.0197288272950356
Q96A26	0	0	0.000269930414814998
O14617-5	0	0	0.0119578059028999
Q969J3	0	0	5.39249572213054e-05
P21731	0	0	0.00801641832590372
Q9Y3D6	0	0	0.0160525943318842
P10599	0	0	0.0435445943938559
O15194	0	0	0.00504933314577525
P07359	0	0	0.0302242144374411
O60763	1.61522399097749e-16	0	0.0137854906247757
Q9NV96;Q9NV96-2	0	0	0.017550911656943
Q8WWA1;Q8WWA1-2	0	0	0.00882889056591503
Q9Y5C1	0	0	0.000321304352017343
O15270	0	0	0.00156847680707814
Q96K76-4	0	0	0.0121114650755978
Q9UL46	0	0	0.0325228008856043
Q8TEA8	1.42726132236002e-16	0	0.0186614665054681
Q8TD55	0	0	0.0288165253542863
Q9NW15	1.86127288802284e-16	1.86127288802284e-16	0.000370205919554139
P35555	0	0	0.00314078212597858
Q96MK2	0	0	0.0109713212513794
Q9GZU7-2	0	0	0.026656602611155
Q92882	1.27796549125004e-16	1.27796549125004e-16	0.0132585802963925
O60240	0	0	0.00602073345643328
P16401	0	1.24511860525043e-16	0.00512175389521213
Q9Y6I9	0	0	0.00615619146043688
Q99683	1.80576976044244e-16	0	0.0104208869321337
P58335-4	0	1.28779737725783e-16	0.00107284678161526
P10515	0	0	0.0133914754733769
Q99627	0	0	0.00563773982577745
P15144	0	0	0.0308679366857176
Q9H497	0	0	0.00264378402909916
Q86VP6	0	0	0.0332533443046824
A1X283	0	0	0.00954914717224433
P30626;P30626-2;P30626-3	0	0	0.0310352957387197
Q9Y5P6;Q9Y5P6-2	0	0	0.032096285368845
P34932	0	1.30190938605445e-16	0.0197752864033106
P50995;P50995-2	0	0	0.0132707944542497
P10809	1.25004492872897e-16	0	0.02321399000722
Q7L8L6	0	0	0.00610568846438911
Q9H305;Q9H305-2;Q9H305-3	0	1.85944408680789e-16	0.0142673346973116
Q6E0U4-16	2.58667316112314e-16	1.29333658056157e-16	0.00173851180929256
O00592;O00592-2	0	0	0.0229405324948448
P51679	0	0	4.12454359641558e-05
P31483	0	0	0.0293085016001242
P08493;P08493-2	0	0	0.000314971744378855
Q96MX0;Q96MX0-2	0	0	0.00865030718943801
P42768	0	0	0.0269511179883862
Q9BWM7	0	0	0.0146980977703668
P42898-2	0	0	0.000277120434029574
Q9UK55	0	0	0.0167436830579726
P61018	1.5347207919108e-16	0	0.00841731172024
P57764	0	0	0.032767091718114
P28482	0	0	0.0339113101259987
P07093-2;P07093-3	0	0	0.000359536982788681
P55103	0	1.54571853803723e-16	0.00431138064194968
Q02978	0	0	0.0126851544411779
Q00765	0	0	0.0241456213785456
P27816	1.44657768223509e-16	0	0.0120955736936086
Q15113	0	0	1.81005335270117e-05
O75351	0	0	0.0235541490747911
Q9UHD8-2	0	0	0.0198932682477095
Q9P1Z2;Q9P1Z2-2;Q9P1Z2-3	0	0	0.0223363808291553
P07910;P07910-2	0	0	0.0313339232777492
P14151;P14151-2	0	0	0.0166706888960571
P62312	2.13019539027443e-16	2.13019539027443e-16	0.0336038303152392
Q32MZ4;Q32MZ4-2;Q32MZ4-3	1.35865404756179e-16	0	0.0114798204804457
Q5VZE5	0	0	0.00551758412401873
Q14344	2.0428666499515e-16	2.0428666499515e-16	0.0259475021228266
P10646-2	0	0	0.000133853801554384
P02753	0	0	0.00616715307152165
P02655	0	0	0.0079545383805487
O43815	0	0	0.01028514936218
Q14515	1.20815369907379e-16	0	0.00361516071419003
Q9UKE5-3;Q9UKE5-5	0	0	0.0295706719200577
P35443	0	0	0.000483395656609919
Q96P48;Q96P48-3	0	0	0.0264260538462063
P19971	0	0	0.0361370510546236
Q9UJS0;Q9UJS0-2	0	0	0.0005909502750843
O14672	0	0	0.0219642381761526
P05121	0	0	0.0294628353886076
P07948-2	0	0	0.0309133351482505
P22692;P22692-2	0	0	0.0141426150553767
Q99614	0	0	0.00174873245734758
Q9BTV4	1.28824433809169e-16	1.28824433809169e-16	0.0153561961848806
P33151	0	0	0.00734406451485919
Q10713	0	0	0.00266316646664249
Q5JXC2	0	0	0.0159608777478835
Q7Z5R6	0	0	0.0151097060847771
Q86Y82	0	0	0.0143854550050785
Q7L5N1	0	0	0.0136233186282937
P14780	0	0	0.000125616098474346
P10768	0	0	0.03837270985181
P05107	0	0	0.00387092123246807
Q7L591	1.72733803544229e-16	0	0.0203641586767114
Q86UT6	0	0	0.00413832126089632
Q99426	0	0	0.015709604680596
O00154-4	0	0	0.0136138446125352
P29375	0	0	0.0290240799032174
Q96S99	1.13867531338997e-16	1.13867531338997e-16	0.0215624769276448
Q9NT62	1.14579679333841e-16	1.14579679333841e-16	0.00239055606514066
P10644	0	0	0.0235391459572947
Q9HCL0;Q9HCL0-2	0	0	0.00409468232837308
Q9H2M9	0	0	0.0172296419331249
Q8NCH0	0	0	0.00833851082039082
P13611;P13611-2;P13611-5	0	0	0.00842062062670534
Q9UBE0;Q9UBE0-2;Q9UBE0-3	0	0	0.00111518406934612
P80108	0	0	0.00113354516109141
Q96DR5	0	0	2.38656899963544e-06
Q96L96	0	0	0.0162474397766124
P56385	0	0	0.0170089465156246
Q9UKN7	0	1.93034564762863e-16	0.00046416545846361
P36543	0	1.33583626329806e-16	0.0193278399879769
P30536	0	0	0.0210416066488537
Q86XH1;Q86XH1-5	0	0	0.000479594244726924
P11177;P11177-2	0	0	0.00643219201087761
Q9P289	0	0	0.0216656695369432
Q9UKZ9	0	0	0.00552533179705489
Q9H223	0	0	0.0340672333411353
P13861	0	0	0.0180004742173256
O14828	0	0	0.0138434353348809
Q93052	1.36165514889231e-16	1.36165514889231e-16	0.0160750883966991
Q9UM47	0	0	0.000871143818446198
Q9BXN1	0	0	0.00359591904239912
Q9BY76	0	0	0.0278705305459539
P12318;P12318-2	0	0	0.0199309302598228
P51148;P51148-2	1.18008932316556e-16	0	0.0310849298057524
P03956	0	0	0.00109254710484608
O43665	1.80975545688422e-16	0	0.00694320239117558
P19652	0	0	0.0016772839642864
P16284	0	0	0.0251508109321359
P68036	0	0	0.0293741139224643
Q9ULD2;Q9ULD2-2	0	0	0.00127225267214813
P27105	0	0	0.0144425971043275
O14775-2	0	0	0.0118833568108573
P20674	0	0	0.00241102318679385
Q07817;Q07817-3	2.61452548062548e-16	1.30726274031274e-16	0.0205413408976482
Q9NZP8	0	1.4151529607385e-16	0.014989963662249
Q14644	0	0	0.0319172890024705
P30405	0	0	0.00378917233283078
P17858	0	0	0.0305151250811396
Q4G0F5	0	0	0.00879996444746074
Q8NEZ2	1.38652196726663e-16	0	0.0204918946563437
P28838	0	0	0.0190575103168288
O43516;O43516-3	0	0	0.0225002381367739
P61960	1.31070720503179e-16	0	0.0307245708752609
Q96H79	0	0	0.00467898756335446
O14974-4	0	0	0.0141058091553949
Q15465	0	0	0.000774585650742414
Q9H2K8	0	0	0.0200143506640493
Q86YL5;Q86YL5-2	2.03439890708646e-16	2.03439890708646e-16	0.00930937918256149
Q8IYB5-2;Q8IYB5-3	0	0	0.0208291899047663
Q7L1Q6;Q7L1Q6-3;Q7L1Q6-4	0	1.46532760327027e-16	0.00660143533372071
P04049;P04049-2	0	0	0.0129936610981304
O43633	0	0	0.0173149348949207
P13807-2	0	0	0.0524179278662179
P61086	0	0	0.013343779759028
P58215	0	0	0.0210486312376129
P22694-2	0	0	0.0347591703678969
Q9BRF8	0	0	0.0193300599473298
Q9BS26	1.19024195401645e-16	1.19024195401645e-16	0.0284732417294528
Q9UMX5	0	1.32713372238583e-16	0.0390628144875059
Q96JF6	0	0	0.00479532005064923
P05387	1.45382265638409e-16	1.45382265638409e-16	0.0273727021956558
P35268	0	0	0.00274228259656605
P23142-4	0	0	0.0363279621284194
Q9H910;Q9H910-3	0	1.16045394604102e-16	9.62306522211571e-05
Q13444;Q13444-3;Q13444-5	1.25736641098364e-16	0	0.0207718459119176
P0DOY2;P0DOY3	0	0	0.00012486646198207
P01137	0	0	0.0239194462469185
P01111	0	0	0.0162186781702068
P26639	0	0	0.0183318468708281
P30153	1.34149106441279e-16	1.34149106441279e-16	0.0286781418408515
Q9Y4D1;Q9Y4D1-2	0	1.81814288806544e-16	0.0183358549134297
O95168	0	0	0.00208910406357231
P35813;P35813-3	0	0	0.027795422533362
P54578;P54578-2	1.46224583762629e-16	0	0.035217072208806
Q9Y3A6	0	0	0.0201222274737495
Q9Y2Q3	0	0	0.0290496277421683
P48643	0	0	0.036872735195207
Q15365	0	0	0.0292416366145471
Q9UNF1	0	0	0.020399689081522
P02652	1.3391820034802e-16	0	0.00863732738236049
Q7L9L4;Q7L9L4-2;Q9H8S9	0	0	0.00909577017762184
Q8IWB7	0	0	0.0180864547418338
Q9NRA8;Q9NRA8-3	0	0	0.00653890232132233
P21333-2	0	0	0.0293502040003005
Q9BX10	0	0	0.0279996807935863
Q9UM00;Q9UM00-1;Q9UM00-2	0	0	0.0147263115808248
P34913	0	0	0.00638816314891669
Q9H0E2	0	0	0.0189607440695989
P60709	0	0	0.0299915219141332
P40763;P40763-3	1.13092971614912e-16	2.26185943229823e-16	0.0119590372738303
P29508	0	0	0.0138623817033051
Q9NRL3;Q9NRL3-3	0	0	0.0242455645659572
P50402	0	0	0.015002875586712
Q9HCU5	1.84045964331704e-16	0	0.0168671200204161
P13987;P13987-2	0	0	0.00421024359280844
P98082;P98082-3	0	1.46534299556388e-16	0.0125404537590053
Q13045-2	1.24439072323486e-16	1.24439072323486e-16	0.00351800579620058
Q92839	0	0	0.0239158041061916
O95782;O95782-2	1.31104632937939e-16	0	0.0166962248625269
Q9H9P8	0	0	0.00161104893169089
Q9UN19	0	0	0.0194686856808244
P50502	1.52169943354404e-16	0	0.0332098745778929
P22061;P22061-2	0	0	0.0287152150223727
P06702	1.19553646259846e-16	0	0.0300215455012644
P55058	1.30581588971311e-16	0	0.00552329028181385
Q9NNX6;Q9NNX6-2;Q9NNX6-6	0	0	0.0106462968285804
Q8WZ42-12	0	0	0.00670277813724421
P02768	0	0	0.000454506065585615
Q9BVA0	0	0	0.0098649304145951
P01040	1.36555937033692e-16	0	0.00278453250918136
Q92930	0	0	0.0341376588745407
Q9NZQ3;Q9NZQ3-3	0	0	0.00792005901427474
P49327	0	0	0.0200500093446091
P36406;P36406-2;P36406-3	0	0	0.00110812204085629
Q13336	1.53590550426073e-16	1.53590550426073e-16	0.00655474955068477
P24666	0	0	0.0213279394623992
Q92843-2	0	0	0.0184365977438767
Q6P4Q7	0	0	0.0535202487175676
P53396	2.05538805342132e-16	0	0.0347653336837576
P11277-2	0	0	0.000587623218284294
O95197;O95197-2;O95197-7	0	0	0.0255651543009645
P05106	0	0	0.0274394721602789
Q9Y376	0	0	0.0242801688055099
Q12797-3;Q12797-4	0	0	0.00120937006683176
P29279	0	0	0.00246107416862767
Q9H853	1.48617549776895e-16	0	0.026787458068092
O60306	0	0	0.00443744494625321
O95810	1.2696313445404e-16	0	0.0306301872791799
Q04760;Q04760-2	1.65582852522931e-16	1.65582852522931e-16	0.0369429407650273
Q14103;Q14103-2;Q14103-3;Q14103-4	0	0	4.57860166557536e-07
Q9NYU2;Q9NYU2-2	0	0	0.0270112052150431
Q13177	0	0	0.0216794597639587
P11836	0	0	0.00798919063302734
P55084	0	0	0.0220886011587186
O75131	1.2526982713342e-16	0	0.0276500455012029
P33176	0	1.13060467406796e-16	0.0215358654753495
Q8N5J2	0	1.1651114308935e-16	0.00662782697255441
P17050	0	0	0.024426535267325
P13489	1.22282562577407e-16	1.22282562577407e-16	0.0336510666494982
Q70IA8	1.17008579134024e-16	0	0.0244815215357663
P01717	0	0	0.00156859213903479
P09326	0	0	0.00219126358645201
Q15067;Q15067-2	0	0	0.00103144869423523
Q96QK1	0	1.20022041322293e-16	0.0213896304312885
O60266	0	0	0.0155374658061274
P17693;P17693-5	0	0	0.0150571108694518
P50148	0	0	0.0290950341662423
O00410;O00410-3	0	0	0.0224741419830271
Q14BN4-3	0	2.1781575333971e-16	0.0247862484336945
P13497	0	0	0.000866568072755759
O14773	0	0	0.0153507379525039
O14717	0	0	0.0498477203224318
Q13464	0	0	0.0229366531577773
P55285	1.93951891846503e-16	1.93951891846503e-16	0.00526181196956087
Q9NS28	0	0	0.0241211788866092
P63167	0	0	0.0314921296845699
P35606;P35606-2	0	0	0.0181891661982001
Q9BT78	0	0	0.0208169944141771
Q6ICL3	0	0	0.00617216499863019
A0A075B6K4	0	0	0.00261384333110661
P15498	1.30590096875359e-16	0	0.0131008271975047
O14786;O14786-2;O14786-3	0	0	0.0421773956116267
P57729	0	0	0.00317748263075131
O75155	0	0	0.00862234710588916
Q96QU8	0	0	0.00433609789162272
P48444	0	0	0.0155790959139658
Q9Y277	1.53044241192687e-16	0	0.00618300317665081
O94826	1.25344301087837e-16	0	0.00691570145766867
P54819;P54819-2	0	0	0.03271238717894
Q9Y6F6-4;Q9Y6F6-5;Q9Y6F6-7	1.18330229185525e-16	0	0.0141128888844231
Q15833	0	0	0.0323246808186572
P62258	0	0	0.0339078652646647
P11150	0	0	0.00750826296421998
Q96G03	0	0	0.0193124936700385
Q99784	0	0	0.000294695530485184
P17987	0	0	0.032559027039846
Q96BS2	1.63573869994982e-16	1.63573869994982e-16	0.0114879297334699
P26196	0	0	0.0222410150097485
Q9UH62	1.16273481043639e-16	0	0.0155437941981546
Q9Y2Q5	1.20757420532899e-16	0	0.0208651386152558
Q9ULH1;Q9ULH1-2	0	0	0.019425510393423
P61026	0	0	0.0296674756297033
Q96AP7	0	0	0.0156688428679985
O75347	0	0	0.0204060038147782
Q8N131;Q8N131-2	0	0	0.00887444152573152
P05976;P05976-2	0	0	0.0281073445903072
P00403	0	0	0.00325296368665769
Q7Z6G8	0	0	0.00827166440515083
Q99542	1.74026566638195e-16	0	0.00558668894522394
P49588	0	0	0.0284206615763805
Q08209-2	0	0	0.0221081514945509
Q53GQ0	2.59122234853546e-16	1.29561117426773e-16	0.0212875704571713
P30049	1.30264768320683e-16	0	0.00325154842770589
Q6ZVM7	0	1.21259421170463e-16	0.0114970016825669
Q96IY4	0	1.44307263680889e-16	0.00506754569314626
P84077	0	0	0.0364658491707055
Q9Y608-4	0	0	0.0172191593488066
P09237	0	0	0.0176552953367829
Q14393;Q14393-1	0	0	0.0158195435997155
P51572;P51572-2	1.5101010102144e-16	0	0.0313983581796556
Q9NR56;Q9NR56-2;Q9NR56-5;Q9NR56-6;Q9NR56-7	0	0	0.00994792701766104
P13716	0	0	0.0480260367909796
Q8WXQ8	0	0	0.00653510574072637
Q08431;Q08431-4	0	0	0.00780464258715248
Q8N1Q1	0	0	0.00966349708557496
P04080	0	0	0.0166317272118807
P62140	0	0	0.0131064819602343
Q9GZN8;Q9GZN8-2	0	0	0.0235983107848559
Q9NW64;Q9NW64-2	0	0	0.0043490349875368
P55056	0	0	0.00968272514232454
Q7L576	1.59451761868104e-16	0	0.0286590448793459
P09417	0	0	0.0132317596176553
Q16543	0	0	0.0372162242994654
P07477	0	0	0.00672528919907502
Q8N4L2	0	0	0.00976906837832421
P09496-2	0	1.80600412847267e-16	0.0300550651695006
P09104	0	0	0.0215061307539293
P55145	0	0	0.0151114367587483
O75558	0	0	0.0273005700612845
Q6NUK1	0	0	7.97668592209006e-05
P49407-2	1.21846096787193e-16	1.21846096787193e-16	0.0200509994141729
Q9Y5X9	0	0	0.00400505253099383
P43307	0	0	0.00679046174063384
Q9UKY7	2.33826548613853e-16	0	0.0173861978464303
P05556	0	0	0.0258500755450156
Q9NZT1	0	0	0.00698097001269737
P11142	0	0	0.0325150119447686
P68871	0	0	0.00458175030229817
Q01844;Q01844-3;Q01844-5;Q01844-6	1.50378246223342e-16	0	0.0182904163679143
P40939	0	0	0.0165719669552287
Q8NI99	0	0	0.00289364527904254
Q96DZ9;Q96DZ9-2;Q96DZ9-3;Q96DZ9-4;Q96DZ9-5;Q96DZ9-6	0	0	0.00865236182099751
Q8N1F7	0	0	0.00601860765964958
P60660-2	0	1.36593697051015e-16	0.0294424987602645
P48735	1.31055221449986e-16	1.31055221449986e-16	0.028484533060735
P05198	0	0	0.0333159191019106
Q9H0R4	0	0	0.00438527373103945
Q9H3U5	0	0	0.00667440635382444
P54619;P54619-2;P54619-3	1.25734902715975e-16	0	0.0267152922804676
P35625	0	0	0.000293952204176615
O00159-2	0	0	0.015318093131738
Q9UNI6	0	0	0.0171913486370513
Q9NY33	0	0	0.0175964761091948
Q9NUT2;Q9NUT2-2	2.00240739538176e-16	0	0.0164343861753491
P62750	1.23331470222345e-16	0	0.0168250834919569
Q8NHQ9	0	0	0.00370485350767473
Q96AX2	0	0	0.0122602409147143
Q8NG06	1.33439589878155e-16	0	0.0149869849489264
P41091	0	0	0.0258687436366104
Q96JD6	0	0	0.0198150061429578
Q16762	0	0	0.00376123753505195
P13693	0	0	0.0157668887072202
P42224	0	0	0.0164638202233269
Q13098;Q13098-5;Q13098-7	2.05947706524945e-16	2.05947706524945e-16	0.0228924296062366
Q562R1	1.58645937380326e-16	1.58645937380326e-16	0.00563003763572222
Q99471	0	0	0.0124854877091741
Q13526	0	0	0.0124375068423226
Q9Y394;Q9Y394-2	0	0	0.0263687662793923
O00487	0	0	0.0304825238906367
Q14847	0	0	0.032254750908869
P03952	0	0	6.98970843537661e-05
P62736	0	0	0.0257003982813593
P53004	1.29852795566771e-16	0	0.0335679961282672
Q9C0C9	0	0	0.0254980195005171
Q93096	1.62042926076673e-16	0	0.0114068979720054
Q9BW04	0	0	0.00615932440825126
Q05397;Q05397-7	0	0	0.0219612263974846
P21291	0	0	0.0321403090833207
P08758	0	0	0.0340174286700829
P07307;P07307-2;P07307-3	0	1.45251453287971e-16	0.0211130032031143
P16949	0	0	0.00112086348000386
P16885	0	0	0.0133341870052274
P20774	0	0	0.0527826290314892
Q14766	0	0	0.010935589030722
P36873-2	0	0	0.019677034350993
O43747	0	0	0.0230053880121279
Q6P3W7	0	0	0.0203537623075158
O15439	0	0	0.0415200652287073
Q15633;Q15633-2	1.47434686681088e-16	0	0.00169914969044412
Q96FZ7	0	0	0.016772533429118
Q8IVB4	0	1.50248714249318e-16	0.00779368069200873
Q9Y624	0	0	0.0275095101204433
P62937	0	0	0.0415200783810089
Q96LZ7	0	0	0.0125635202730664
P07741	0	1.28667190100859e-16	0.0409644929137234
P26447	0	0	0.0382658832774282
P61077;P61077-3	0	0	0.0352966723059154
P30740	0	0	0.0355151605643866
P53801	0	0	0.0249642331150961
Q7Z7H5;Q7Z7H5-3	0	0	0.0137880927837357
P36969;P36969-2	0	0	0.019442453875835
Q9Y6W5	0	0	0.024371018233254
Q8TCJ2	0	0	0.0157410293108219
P21796	0	0	0.0167246467252536
P09874	1.21050435545001e-16	0	0.00794567417413302
Q92614;Q92614-4	0	0	0.0169080305270554
Q9Y5S2	0	0	0.0112837236257501
P11766	0	0	0.0250288132730661
P38606	0	0	0.0305352238576855
O00161	0	0	0.0298751874914071
Q9HAB8	2.69280238318483e-16	1.34640119159242e-16	0.0192325741495319
P61619	0	0	0.0180229072315739
Q969T9	0	0	0.0193850560082601
P23141;P23141-2;P23141-3	1.36026969797906e-16	0	0.0017759704908656
Q6PJW8	0	0	0.0126219512123871
P20338	1.1255159402103e-16	0	0.0101709469003469
P11021	0	0	0.0317983299263002
Q13201	0	0	2.33297059528994e-05
O43312-5	0	0	0.0213794462197253
Q9UIB8;Q9UIB8-2;Q9UIB8-3	0	0	0.0230024486534816
O95373	0	0	0.0255798772271331
P14317	1.23505191889068e-16	0	0.0221735231666122
Q9HBL7	0	0	0.00763589454890013
A0FGR8-2	0	0	0.020419024705767
P61970	0	0	0.0251129859720786
P98172	0	0	0.0219371672205065
Q9BXS5;Q9BXS5-2	1.98964514019646e-16	0	0.0165065296187973
Q9HD45	0	0	0.0204307437523119
Q96S97	0	0	0.00663830044888196
P54920	0	0	0.0152331608380152
P22234	0	0	0.0316206051633278
Q14203-3	0	0	0.0204158233042582
Q05209	0	0	0.0120551695939118
Q53GL7	1.11941864742094e-16	1.11941864742094e-16	0.00822722583528992
P06753-2	0	0	0.0288873307370215
A2RUS2;A2RUS2-2	0	0	0.0217815992245364
Q13609	0	0	5.63649797562823e-07
P63010;P63010-2	2.19653561714831e-16	0	0.0272723617878427
Q9H0U3	0	0	0.018417414652533
Q9BUP3	0	0	0.0108574790628267
P20340-2	0	0	0.0223075270784666
Q15366-3;Q15366-6	1.14927730986754e-16	0	0.0211579767446294
Q86WR7	2.10195216943034e-16	0	0.00954698655544854
P62820	1.89853805713048e-16	0	0.029079735394978
P19404	1.47356368212664e-16	0	0.00818953541219328
Q27J81	0	0	0.02943263560915
Q9ULC5;Q9ULC5-3	0	0	0.0215839746324209
Q8IZP0;Q8IZP0-2;Q8IZP0-3;Q8IZP0-4;Q8IZP0-5;Q8IZP0-6;Q8IZP0-9	0	0	0.025132023236438
P26038	1.89794147612751e-16	0	0.0282292887158415
Q15056	1.16432932353689e-16	0	0.0274528430885326
Q3ZAQ7	0	0	0.0082207795113364
P14854	1.1650916956165e-16	0	0.0185760759215464
Q04917	0	0	0.0329477010049393
Q9HAV0	0	0	0.0394628442615881
Q14165	0	0	0.0242426354010196
O00622	0	0	0.00602463278827333
O00203	0	0	0.0181110692441871
Q14573	0	1.47161645109498e-16	0.0354916726785587
Q8IUX7	0	0	0.00595535387835462
Q92973;Q92973-2	0	0	0.0242024159835748
Q9NPG4	0	0	0.00305025808835966
P12110	0	0	0.0206352478023482
Q15041;Q15041-2	0	0	0.0144475980802564
P23280	0	0	0.0122700403811394
Q04941	0	0	0.0275500069712595
Q16698;Q16698-2	1.13911026964805e-16	0	0.00809257721700861
P61604	0	0	0.0188999361961919
Q86XR8;Q86XR8-2;Q86XR8-3;Q86XR8-4;Q86XR8-5	0	0	0.000924901466963057
Q9H082	0	0	0.0142480556484615
Q96HN2-2	1.94125820898357e-16	1.94125820898357e-16	0.0238671866481596
P32969	0	0	0.00383200629965868
Q9NP72	0	0	0.0282181948245389
Q01082	0	0	0.0348560881570139
P63000;P63000-2	1.84388065682482e-16	0	0.0343053071473474
P01859	0	0	0.000408860144310955
Q9H4X1;Q9H4X1-2	0	0	0.00180007093265443
Q9H0U4	1.79398812610077e-16	1.79398812610077e-16	0.0217846879165644
P24593	0	0	0.000187152245924697
P57075;P57075-2;P57075-3	0	0	0.0198972585144445
P24557;P24557-3	0	0	0.0142342403330503
Q13011	0	0	0.0182987237358661
Q96CG8;Q96CG8-3	0	0	0.00447429476835909
Q08830	0	0	0.0109170175357903
Q9HBI1-3	0	0	0.0340158236067654
Q15165-1	1.77459302789402e-16	0	0.0102266975350559
Q16891-2	0	0	0.0104765003077505
P61006	0	0	0.031316308654628
Q14008	1.94007050098773e-16	1.94007050098773e-16	0.021457231743589
P78537	0	0	0.0013722746264345
Q99798	0	0	0.0159168748311901
P59768	0	0	0.00597941419280677
P69905	0	0	0.00878960033889825
Q92619	0	0	0.0286373154198253
P24534	0	1.14282040821879e-16	0.00956912349469593
P06241-2	0	0	0.0163310960361667
Q96Q06	0	0	0.000536997402285685
Q9BUL8	0	0	0.0223577432709127
O94916-4;O94916-5	0	0	0.000536955159707914
P60174-3	0	0	0.0310795587019065
P23142	0	0	0.0217085623684897
O43150	0	0	0.0263630900433615
Q9UIJ7	1.45210820809886e-16	0	0.0109729076784212
O95831;O95831-3	1.25845554164277e-16	0	0.012054706889468
P19086	0	0	0.0281059596193752
P12429	0	0	0.0303322256128674
P49368	0	0	0.0341723819629506
P06576	0	0	0.0191292076913226
P38646	0	0	0.0210832957748711
P22307;P22307-7;P22307-8	0	0	0.00878514653005326
P08238	0	0	0.0332549091212309
Q96KP4	0	0	0.020674801044138
Q68BL7	0	0	0.00278270078262128
P11171-4	0	0	1.58109117085096e-05
P63104	0	0	0.034039701070681
P61165	0	0	0.0237710319210656
Q6P988	0	0	0.000337968370538849
P24844	0	0	0.0300295675585624
P49773	0	0	0.0132840625435289
Q8IY22	0	0	0.0129314128954016
Q05193	0	0	0.0228965980996939
P49257	0	0	0.0361671059626195
Q9Y490	1.29469646200624e-16	0	0.0319543820524593
Q9P270	0	0	0.0193859572320944
P05109	0	0	0.039632630679467
P0C0L4-2	0	0	0.0146455197920674
P26641	1.62655864709635e-16	0	0.0278338661217701
O75844	1.13375619768885e-16	0	0.00186546114496389
Q6ZNJ1;Q6ZNJ1-3	0	1.96891353707138e-16	0.0195367233169432
P53618	2.00763423303976e-16	2.00763423303976e-16	0.0233304556114169
P0C7P3;P0C7P3-2	0	0	0.0163913913708473
P26599;P26599-1;P26599-2	0	0	0.0107857777859824
P0C0L5	0	0	0.0209902333872929
P51692	0	0	0.0249703489627554
Q8TDZ2;Q8TDZ2-4	1.27606223193702e-16	0	0.0133407984589268
O95989	0	0	0.0105054058429091
P14868	0	0	0.0322259402976145
P49908	0	0	0.00156986087478077
P07602;P07602-2;P07602-3	0	0	0.0050377726134059
Q53H76;Q53H76-3	1.35990219303624e-16	0	0.0161941537476952
P57088	0	0	0.010797250181342
Q96G23	0	0	0.0186844161113333
P09871	1.12515197947133e-16	0	0.0180994350718045
P62495	0	0	0.0200322027625479
O15127	1.2311363475347e-16	0	0.00405228061414283
P22792	0	0	0.00483139759025305
Q9UBS3	0	0	0.0118488850807074
P50238	0	0	3.60612155515216e-05
P04632	0	0	0.0389009914420067
Q00577	0	0	0.0268773940946083
Q92743	0	0	0.00684915357822281
P17152	0	0	0.0042896801407473
Q9NZN3	0	0	0.0308959845596051
P08571	0	0	0.0245061249295699
P01008	0	0	0.0233511854873569
O43639	0	0	0.0194627052176054
Q96RT1;Q96RT1-2;Q96RT1-3;Q96RT1-4;Q96RT1-5;Q96RT1-6;Q96RT1-7;Q96RT1-8	0	0	0.0258681154489542
O14578;O14578-4	0	0	0.00407201818683743
P45974;P45974-2	0	0	0.0200827095935768
P67936	0	1.19009161982185e-16	0.0311854110255507
P68400	0	0	0.0010066965117421
Q6PL24	0	2.00277879309785e-16	0.0114992163667039
P60468	0	0	0.00817879018946528
P21266	0	0	0.00602763011182623
P61106	1.89236009608988e-16	0	0.0240389845426642
Q14517	0	0	0.0338450810385825
Q12906-7	0	0	6.57497084428792e-05
Q14643;Q14643-2;Q14643-3;Q14643-4;Q14643-5;Q14643-6;Q14643-7;Q14643-8	1.67733152819623e-16	1.67733152819623e-16	0.0141491202315274
P50453	0	0	0.0285402588184718
P58166	1.51529129880981e-16	0	0.000171678388857273
Q9BVK6	0	0	0.0136240127145416
P01700	0	0	0.00110204305942809
P78344	0	0	0.0245565777639105
P45880	0	0	0.00648589875466091
P35030	0	0	0.00734785189209148
Q8TF62	0	0	0.02726760301326
Q13884	0	0	0.0259457138058223
P12259	0	0	0.000456274222611993
Q86TU7	0	0	0.00196452964274979
Q16836-2	0	0	0.0194229433463665
P63098	0	0	0.0327750460039931
Q14116;Q14116-2	0	0	0.00715712333895765
Q05655	1.49802089123742e-16	0	0.0329982359610231
O95236;O95236-2	1.54515368019088e-16	1.54515368019088e-16	0.0164997197746175
Q8WZA0-2	0	0	0.0111416956765131
O60234	0	0	0.0295182304196195
O15533-2	0	0	0.0210366673950513
P05452	1.18936662221317e-16	1.18936662221317e-16	7.04247407221786e-05
Q9NVA2	1.43948905306915e-16	0	0.0320890607424553
P54577	0	0	0.0239130217318319
O75116	1.52309146758422e-16	0	0.0249266567138256
O75531	2.80860749380119e-16	1.4043037469006e-16	0.00209265082254481
Q00610;Q00610-2	1.90210413754989e-16	0	0.0276091896987407
Q9Y5M8	0	0	0.00983218629718223
P62834	0	1.53560308157717e-16	0.0360669035579071
P31946;P31946-2	0	0	0.0365937833487868
O60814;P57053;P58876;P62807;Q5QNW6;Q5QNW6-2;Q93079;Q99877;Q99879;Q99880	0	0	0.00167799439928217
Q9H0P0	0	0	0.0184973758837509
O43920	0	0	0.00236739619384727
P23246	0	0	0.00186868196705193
O76003	0	0	0.028714496234659
P55072	0	0	0.0307228373870484
Q9HDC9	0	0	0.0204860115066875
Q15435	0	0	0.0103835378170637
P05062	0	0	0.0028250608428535
Q03591	0	0	0.000391197622795885
Q9UJU6	0	0	0.0282521848940158
Q6P1M0	0	0	0.014746028647893
O43399;O43399-5;O43399-7	2.16335533628511e-16	0	0.0100715417055396
Q8TDC3-2	0	0	0.0258029228237834
Q8NEU8	0	0	0.0173400682701281
Q9Y6Y1;Q9Y6Y1-2	0	0	0.00406996699172222
P02745	0	0	0.0099640822753376
Q9Y6K0	0	0	0.0103068488494757
P50990	0	0	0.0361072302673525
Q6UXH0	1.38545395687486e-16	0	0.000788369218223559
Q9BWD1	0	0	0.0335605100183849
P14314-2	0	0	0.0316838736528645
Q86WV6	0	0	0.015599968365639
Q13561;Q13561-2;Q13561-3	0	0	0.0218304082556756
O95497	0	0	0.00406034737383914
P68366;P68366-2	0	0	0.0255598528070819
P48507	0	0	0.0185799615467181
Q9NVT9	0	0	0.012286720660594
O95881	0	0	0.00344367600890235
Q92572	0	1.41888114658593e-16	0.0167802152832526
P0DP23;P0DP24;P0DP25	0	0	0.0307679810686589
O15145	0	0	0.0317331823189737
P23284	0	0	0.0323091608023422
Q9H4M9	1.929395254203e-16	1.929395254203e-16	0.031102518209294
P50991	0	0	0.0355636496651984
Q9Y2A7-2	0	0	0.0234582223627474
Q12913;Q12913-3	0	0	0.0302176379168344
O43852;O43852-3	0	0	0.0318623139522835
P12931;P12931-2;P12931-3	0	0	0.0289435561529699
P07900-2	1.68387185231886e-16	1.68387185231886e-16	0.0358737822179939
P29692	0	0	0.022214552660424
Q99961	0	0	0.0220022005555169
P67812;P67812-3;P67812-4	0	0	0.0186130639233898
Q9BR76	1.4363742943035e-16	0	0.0293710413924256
P24539	0	0	0.0277542391075988
P00739	0	0	0.000487431965022494
Q96SB3	0	0	0.00997063219724162
O15144	0	0	0.0332969915702418
P19338	0	0	0.00134794990784846
Q8WXF7;Q8WXF7-2	1.81370598392508e-16	1.81370598392508e-16	0.0180116658659008
P49593	0	0	0.0121704172536269
Q9P126;Q9P126-2	1.63966818779925e-16	0	0.0236766618987853
Q03519	0	0	0.0168363615717241
O43583	0	0	0.0192632985467169
Q6ZUT6-4	0	0	0.011302222630929
Q9NX76	0	0	0.0305493551792517
P55786	1.18994408578622e-16	0	0.0276300255321256
A0A087WSX0	0	0	0.000224473804581058
Q13423	0	0	0.0213343750818799
Q14761	0	0	0.0045728011845619
Q9C0I3	0	0	0.0142478739725378
P00746	0	1.61536684322623e-16	0.0045636839041704
Q9UHI6	0	0	0.0166779095663755
P06132	0	0	0.0261075898517433
Q16539	0	0	0.0218601717126221
O95866-2	0	0	0.0309232148523854
P35579	0	0	0.0284213346731291
P31944	0	0	0.00776686506088681
P18085	1.96684912832355e-16	0	0.0303509723753871
P06331	0	0	0.000685737883623665
P12109	0	0	0.0103565893956877
Q92665	0	0	0.00737812945536374
P13797	0	0	0.0319498361017027
P06396-2	0	0	0.0293336201060595
P18031	1.51824482812048e-16	0	0.0136217090961428
P02747	0	0	0.00873717779861351
P05771-2	0	0	0.0190480824379691
Q9NVJ2	0	0	0.0345169701355088
P0DMV8;P0DMV9	0	0	0.0324579592311874
P23229-2;P23229-4;P23229-6	0	0	0.0319576482880972
Q99829	1.28528228980363e-16	0	0.037915061006697
O95834	0	0	0.0140676081350425
P26885	0	0	0.0137205218863615
Q9C035	0	0	0.0173545508942744
Q9Y678	0	0	0.0217541636937211
O43670;O43670-2;O43670-4	0	0	0.00409697176178164
P14625	1.62485863130031e-16	0	0.0310433005901747
Q16555-2	0	0	0.0250396837170738
P43405	0	0	0.0355325603837855
Q684P5	0	0	0.0229735534516313
Q9H3N1	0	0	0.028966174527492
P52306	0	1.89036137070426e-16	0.0247398522973139
Q0ZGT2	1.25212371413931e-16	0	0.0307768522374499
Q8TDL5	0	0	2.65962720345669e-05
O15260-2	0	0	0.0213677742069266
Q99487	0	0	4.52490030856844e-06
O94886	0	0	0.0197667126462775
O43676	0	0	0.000491254970609769
P42566	0	0	0.0220523909424235
Q8TD06	0	0	4.97064853413462e-05
P61019	0	0	0.0380529654375708
Q9H3U1-2	0	0	0.0184211544989983
Q9BSF0	2.01247672637777e-16	2.01247672637777e-16	0.0218036223152159
P62993	1.47594608084323e-16	1.47594608084323e-16	0.0320026237938596
P27348	0	0	0.0213616262452986
Q13045	0	0	0.0315439510861822
Q14677-3	0	0	0.0179647784166394
P20292	0	0	0.00229940542763213
Q08378	0	0	0.00458771367081512
Q15907	3.16492508422587e-16	1.58246254211294e-16	0.0270908360521831
P68371	0	0	0.0240299954048979
Q05682-5	1.26646662245709e-16	0	0.0292889471432776
Q15404	0	0	0.0330834325793297
Q14574	0	0	0.000542927119773155
Q02108	0	0	0.0105303621155305
Q16181	0	0	0.0290840311896826
P18428	0	0	0.0163570513748059
P11234-2	1.68649556449678e-16	1.68649556449678e-16	0.0329468929233647
Q14247	0	0	0.0268672269969615
P09493-3	0	0	0.0307228238209938
Q9NQW7-3	0	0	0.0238536937090288
P59998	0	0	0.0330903559693879
P61803	0	0	0.0102323012147042
Q9UDY2	0	1.80482044839604e-16	0.0197317690871057
O75935	0	0	0.0129858916234676
Q9UL25	0	1.33361893782967e-16	0.024533887762655
Q9Y613	0	0	0.0291352064787899
Q10567;Q10567-2	0	0	0.016631055133809
Q9NXH8	0	0	0.0215680548737919
P08637	1.35785439196066e-16	1.35785439196066e-16	0.026573057191291
P07237	0	0	0.0292658026609083
P42892;P42892-2;P42892-3;P42892-4	1.78313596286761e-16	1.78313596286761e-16	0.0334588174212884
O00533-2	0	0	0.0521704238002299
Q5VW38;Q5VW38-2;Q5VW38-3	0	0	0.0204307631230752
O43681	0	0	0.0156916709489808
Q99719	1.34474829638087e-16	0	0.0235664844084349
Q9P0L0	0	0	0.0187127476940746
Q4KMQ2;Q4KMQ2-2;Q4KMQ2-3	0	0	0.0240345035357928
Q9BUN8;Q9BUN8-2	0	0	0.00283444786187921
O60749	0	0	0.0216384292882
P51149	1.70446062610265e-16	0	0.0244098852490929
P02671-2	1.25111317124176e-16	1.25111317124176e-16	0.0133821949042075
P08311	0	0	0.00124424170042575
Q9NYL9	0	0	0.0243656406696981
P47756	0	0	0.0347634242695012
P09429	1.59462790347065e-16	1.59462790347065e-16	0.000547329582822795
Q15126	0	0	0.00682476908701103
Q7KZF4	0	1.80118723537418e-16	0.0233313607738048
Q14974	0	0	0.0303219168609901
Q9Y2S2-2	0	0	0.0227277044829578
P25705	0	0	0.0303262529540087
P43652	0	0	0.000835051497818692
Q6P1A2	0	0	0.0136285993024176
Q9Y6G9	0	0	0.00723450523746871
Q14432	0	0	0.0201794141407891
P84103;P84103-2	0	0	0.00116900384405155
P00488	0	0	0.0285307894503194
Q6IBS0	0	0	0.0189987617774281
O15511	0	0	0.031021741280816
P21926	0	0	0.0305946798480849
Q9HBH0	0	0	0.0100453556816431
O75608;O75608-2	1.11557050183401e-16	0	0.0164441908602127
Q9NZ08;Q9NZ08-2	2.15568232098078e-16	0	0.00775741029253192
P46977	0	0	0.0229287817089395
Q5JSH3	2.88145680714718e-16	1.44072840357359e-16	0.0356123127038175
Q15762	0	0	0.0229593075828384
Q8WWA0	0	0	0.00642088212083516
P20701;P20701-2	0	0	0.00232138729253677
Q9NRW1	0	0	0.0257624256985775
Q9Y6E0-2	1.46020614359679e-16	0	0.0220949917763945
O15117-3	0	0	0.0302851196074958
P61163	0	0	0.021273073685624
P08514	0	0	0.0278185452928673
P61952	0	0	0.0260877635929772
Q9BSJ8	0	0	0.0172659998914375
P13667	0	0	0.0337416532168786
P55157	0	0	0.00786111001579924
P01591	0	0	3.00317988599292e-06
P15153	0	0	0.0244288058306862
Q8TF42	0	0	0.0231795157835732
P00748	0	0	0.00566306256217416
P07437	0	0	0.0241113561481886
Q14624	0	0	0.00705498889545004
O00139;O00139-4	1.36717861630789e-16	1.36717861630789e-16	0.0365992387949164
P09493-5	0	0	0.0211834177201206
P52907	0	0	0.0251918052288887
Q8TC12	0	0	0.0297682156809445
Q9ULC4;Q9ULC4-3	1.26413850851824e-16	0	0.0198262285682213
Q13418	1.37569361950249e-16	1.37569361950249e-16	0.0304940598380033
Q9UII2	0	0	0.0288887002528224
Q86YW5	1.76586142099332e-16	1.76586142099332e-16	0.0328060063938574
P29218;P29218-3	0	0	0.038247801743271
P30048;P30048-2	0	0	0.0237161695718221
Q8WXE9;Q8WXE9-3	0	0	0.00245444100128728
Q9UBW5	1.32220544069596e-16	0	0.028422742921036
P62310	0	0	0.0371229147765491
P41240	1.58896321191171e-16	0	0.0248472347160306
P62136	0	0	0.0271024065761711
Q9UBC2	0	0	0.0157157886124471
Q6P4A7	0	0	0.00754589374855941
Q6DD88	0	0	0.0163292109036861
Q99733;Q99733-2	0	0	0.0335417956382975
P00918	0	0	0.0384668735867437
O00264	0	0	0.0315516671694917
P52209;P52209-2	0	0	0.0310387551305157
P13747	0	0	0.021536550256348
Q03518;Q03518-2	2.05374504719355e-16	0	0.024082516393304
P17301	0	2.08408120292254e-16	0.0203084011444384
Q7L591-3	1.75377168886522e-16	1.75377168886522e-16	0.00183970740355153
P10619;P10619-2	1.52032021592754e-16	3.04064043185508e-16	0.0309160519096348
P30101	0	0	0.0336126576923907
P31948	0	0	0.0390528253327282
P60953	0	0	0.0337798931382319
O43182;O43182-4	0	0	0.0200064102629966
O15143	0	0	0.033253213872797
P07195	0	0	0.0416568611665483
O14735-3	0	0	0.0310644471411734
Q3SXM5	0	0	0.00417932950577259
Q14012	0	2.18980141563287e-16	0.0131292623455937
Q14141;Q14141-2;Q14141-4	3.52204235644351e-16	1.76102117822176e-16	0.0188633290931257
Q6XQN6	0	2.14362752382878e-16	0.00827988036725261
P30041	0	0	0.0379518260736739
Q9UHF0;Q9UHF0-2;Q9UHF0-3	0	0	0.0116684965119018
O43866	0	0	0.00838102558691163
P19397	0	0	0.000238300647709539
P50395	0	0	0.0338509552720003
P61586	0	0	0.0334520991943278
P43304	1.84570643389614e-16	1.84570643389614e-16	0.0159768190579875
Q9NQC3-5	0	0	0.0236349047683339
P48047	0	0	0.0264139648410732
P43034	0	0	0.0273337599360428
Q13642-1;Q13642-4;Q13642-5	0	0	0.0340831563154935
Q9Y3B3	0	2.00023841395627e-16	0.0294203531879153
P60842	0	1.62294011754682e-16	0.0350646945721612
Q93084-1	0	0	0.0313728708934479
P06737;P06737-2	0	0	0.0277246000332401
P00568	0	0	0.0203173740292596
Q7LDG7	0	0	0.0292370023194014
Q15382	0	0	0.0234689450732902
O75787;O75787-2	0	0	2.16963791385851e-06
Q86UX7;Q86UX7-2	2.80149874182846e-16	1.40074937091423e-16	0.0322498057601483
P30044-2	0	0	0.0347016184399045
O75390	0	0	0.0283657245930734
P40197	1.39129998785019e-16	0	0.0265456690310934
P56377	0	0	0.0139609367751717
O15173	2.11510956099644e-16	0	0.0221863462833879
P00387;P00387-2;P00387-3	0	1.46610152487424e-16	0.0305729350723331
Q99943	0	0	0.00555278261230274
Q9H4B7	0	0	0.026794017628867
P31939	0	0	0.0192067525406317
Q9H7M9	0	0	0.0102294332996154
P48426	0	0	0.0248440487542549
P07203	0	0	0.0434276121518154
P0DOX2	0	0	6.7195908232727e-05
Q13094	0	0	0.0321207727923591
P61009	0	0	0.0132547136327532
P05141	0	0	0.0241206029475263
P40926	0	0	0.022000292444299
O96013	0	0	0.011387915653677
P14324	1.52477828576206e-16	1.52477828576206e-16	0.0196114922489863
P51606	0	0	0.0130182705907366
O75717;O75717-2	0	0	7.07775154260797e-06
Q8IV33	0	0	0.00239689356315079
P30086	0	0	0.0272053231661179
P07360	0	0	0.0162233174231868
P0DOX7	0	0	0.00394852083278594
P29350;P29350-3	0	0	0.0328648969424552
O43768;O43768-3	0	0	0.0174634917247142
Q9NQ75	0	0	0.0170251875889647
P16109	0	0	0.031653123175038
O75396	0	0	0.015681074553142
Q8N490-3	0	0	0.0112838737867811
P62330	0	0	0.0226992257291682
P01889	0	0	0.028953976441767
O00560	0	0	0.0169618608897502
O60610	1.53497636145808e-16	1.53497636145808e-16	0.0276114222085772
P63241	0	0	0.0302737563146124
P18859;P18859-2	0	0	0.0218382710156116
P02786	1.7554837972216e-16	0	0.0433000029024864
Q8NBM8	0	0	0.0162853890725752
Q9UNZ2;Q9UNZ2-5	0	0	0.0206890948387208
P61160	0	0	0.0322831471816022
Q9NTK5	1.2003858813909e-16	0	0.0296184250791448
Q13576	0	1.41571060620545e-16	0.0264336225221385
Q16643;Q16643-3	0	0	0.0253727987159689
P50416	0	0	0.0178840689334532
Q13637	1.36041495864815e-16	0	0.021881277614089
P07384	0	0	0.0390296470445823
P02746	0	0	0.00760395494288439
P32942	0	0	0.00838552921382789
P51809	0	0	0.0154060042096875
O95870	0	0	0.0200104327312914
Q15019-2	1.37796990561942e-16	0	0.029269635043117
P40925;P40925-3	0	0	0.0418207168380991
O95715	0	0	0.000470125839887002
Q15942	0	0	0.0286665400228332
Q9NR12	0	0	0.028110663293228
P46109	1.52655824673174e-16	0	0.0308265436906651
P15531;P15531-2	0	0	0.0409837338735104
P37235	0	0	0.0172995017945624
P06312	0	0	0.00199319682553137
P30085;P30085-3	1.60574891236381e-16	0	0.00641066458266629
P16615	1.25339048174117e-16	0	0.0300471744450985
H3BSY2	0	1.22365760639945e-16	0.00163656380131139
P23528	1.4662894827844e-16	0	0.0334452458183616
P01833	0	0	0.00228384204943256
P62873	1.72277393404781e-16	0	0.0267968731600159
Q8TE73	0	0	7.85696230746325e-07
P61956;P61956-2	0	0	0.0172635025779429
P04843	0	0	0.030313324984133
P36542	0	0	0.0226138122861893
Q6AHZ1	1.56975100209082e-16	0	1.48180587514456e-05
Q08554-2	0	1.37765034285824e-16	0.0090852893394055
Q6IAA8	0	0	0.011309030000112
P53621	1.45103503715051e-16	0	0.0268811813357466
P50552	0	0	0.0293656161663757
Q9NTJ5	0	0	0.0273556983436439
P15170-2;P15170-3	0	0	0.0321081010824913
O60831	0	0	0.00830293086444313
O75964	0	0	0.00986814406690989
O60493	0	0	0.0162870016752469
Q9NR34	0	0	0.00519403333587607
Q9UNF0	1.77938947056605e-16	0	0.0203341517236889
P13073	0	0	0.0189565804272852
Q86WI1	0	0	0.00877602758313307
O43707	0	0	0.03505370727963
P27338	0	0	0.00035163282320658
Q14694;Q14694-2;Q14694-3	0	0	0.00162500255250686
P83105	0	0	0.00920306528391244
P14618-2	0	0	0.0364512093403241
Q9UQ80	0	0	0.0322991845478099
P22314;P22314-2	0	0	0.0342355539673379
P00966	1.20745110140494e-16	0	0.02026929268358
P14923	0	0	0.000285595047547748
O75915	0	0	0.0292241029125516
O75083	0	0	0.0373052262922106
Q5VWC8	0	0	0.00146961755910568
P61158	0	0	0.0307573453852321
P20645	0	0	0.0162275527381678
Q14314	0	0	0.00174301952946752
P67936-2	1.40716586290094e-16	1.40716586290094e-16	0.00632836449542767
