sample_id,technical_block,raw_sample_help_factor,block_help_center,sample_help_factor,help_coherence,protein_global_shift,help_protein_concordant,n_help,help_z,alpha,applied_sample_factor,decision
WJ-1-10,1|P1,0.2149322557464597,0.15811245495469173,0.05681980079176796,0.48,0.09850415441486682,True,25,0.8973559064624729,0.0,0.0,no_correction
WJ-1-100,2|P2,-0.12781128318597373,0.005459216473923286,-0.133270499659897,0.84,-0.4176410796994201,True,25,-2.104742860068948,0.25,-0.03331762491497425,partial_25pct
WJ-1-106,2|P2,0.013355167812576903,0.005459216473923286,0.007895951338653617,0.6,0.14577721671067323,False,25,0.12470086962901909,0.0,0.0,no_correction
WJ-1-107,2|P2,0.03014489502948687,0.005459216473923286,0.024685678555563584,0.64,-0.5913882760525109,False,25,0.3898612657592833,0.0,0.0,no_correction
WJ-1-108,2|P2,0.01029020095117867,0.005459216473923286,0.004830984477255384,0.52,0.17143305176029955,False,25,0.07629580523488408,0.0,0.0,no_correction
WJ-1-109,2|P2,-0.05319381046433241,0.005459216473923286,-0.05865302693825569,0.6,-0.1009752539565234,True,25,-0.9263080725649373,0.0,-0.0,no_correction
WJ-1-11,1|P1,0.15811245495469173,0.15811245495469173,0.0,,0.19152994443942717,False,25,0.0,0.0,0.0,no_correction
WJ-1-110,2|P2,0.033936555785441365,0.005459216473923286,0.02847733931151808,0.6,-0.4625719764185483,False,25,0.44974301696652585,0.0,0.0,no_correction
WJ-1-111,2|P2,-0.049204905397001446,0.005459216473923286,-0.05466412187092473,0.72,0.35439805161608895,False,25,-0.8633112391968393,0.0,-0.0,no_correction
WJ-1-113,2|P2,-0.006564680352219957,0.005459216473923286,-0.012023896826143243,0.64,-0.03170660649991497,False,25,-0.1898935702921055,0.0,-0.0,no_correction
WJ-1-114,2|P2,0.03407265225579787,0.005459216473923286,0.028613435781874585,0.6,-0.09693154518033431,False,25,0.45189239042122475,0.0,0.0,no_correction
WJ-1-115,2|P2,0.04841600294632182,0.005459216473923286,0.042956786472398534,0.6,0.11999851579891185,True,25,0.6784171279466864,0.0,0.0,no_correction
WJ-1-116,2|P2,0.03999180031711264,0.005459216473923286,0.03453258384318936,0.72,0.4184026160088017,True,25,0.5453735783175443,0.0,0.0,no_correction
WJ-1-117,2|P2,0.04635741041696657,0.005459216473923286,0.04089819394304328,0.64,-0.0934654356748883,False,25,0.6459057474160441,0.0,0.0,no_correction
WJ-1-118,2|P2,0.0687517939620967,0.005459216473923286,0.06329257748817341,0.8,-0.133272361933523,False,25,0.9995805591151375,0.0,0.0,no_correction
WJ-1-119,2|P2,0.027572514166507696,0.005459216473923286,0.02211329769258441,0.6,-0.48087726988762824,False,25,0.3492356189090778,0.0,0.0,no_correction
WJ-1-12,1|P1,0.1531553162222128,0.15811245495469173,-0.0049571387324789384,0.56,0.04430988155537996,False,25,-0.07828816114730805,0.0,-0.0,no_correction
WJ-1-120,2|P2,0.0248870194742103,0.005459216473923286,0.019427803000287014,0.64,0.2062611233934568,False,25,0.3068235637746672,0.0,0.0,no_correction
WJ-1-121,2|P2,0.014198643379071237,0.005459216473923286,0.008739426905147951,0.68,-0.0797428494989294,False,25,0.1380218910159883,0.0,0.0,no_correction
WJ-1-122,2|P2,0.009447163802001009,0.005459216473923286,0.0039879473280777225,0.56,0.21612523546436258,False,25,0.0629817077787124,0.0,0.0,no_correction
WJ-1-124,2|P2,0.0774079202648394,0.005459216473923286,0.07194870379091611,0.68,-0.16113402707139457,False,25,1.1362868825554109,0.0,0.0,no_correction
WJ-1-125,2|P2,-0.003463778903384499,0.005459216473923286,-0.008922995377307785,0.64,0.1684518680134417,False,25,-0.1409209904573363,0.0,-0.0,no_correction
WJ-1-126,2|P2,0.008947048266246989,0.005459216473923286,0.0034878317923237026,0.6,-0.057439153994128134,False,25,0.05508337614662521,0.0,0.0,no_correction
WJ-1-127,2|P2,0.02169599632520653,0.005459216473923286,0.016236779851283245,0.52,-0.1964868829302695,False,25,0.2564276906720661,0.0,0.0,no_correction
WJ-1-128,2|P2,-0.0517639853646799,0.005459216473923286,-0.05722320183860319,0.64,0.0061955183541471115,False,25,-0.9037268248220315,0.0,-0.0,no_correction
WJ-1-129,2|P2,-0.10286196304317845,0.005459216473923286,-0.10832117951710174,0.8,0.03247690316413454,False,25,-1.7107178990450769,0.0,-0.0,no_correction
WJ-1-13,1|P1,0.1257781303802492,0.15811245495469173,-0.03233432457444252,0.68,-0.4003030518549284,True,25,-0.5106564390235317,0.0,-0.0,no_correction
WJ-1-130,2|P2,0.01029026704634179,0.005459216473923286,0.004831050572418504,0.72,-0.893362930454284,False,25,0.07629684907671717,0.0,0.0,no_correction
WJ-1-131,2|P2,0.0432549103691215,0.005459216473923286,0.03779569389519821,0.6,-0.7047477901058059,False,25,0.5969079208848179,0.0,0.0,no_correction
WJ-1-132,2|P2,0.048392474538609016,0.005459216473923286,0.04293325806468573,0.72,0.011595619718363537,False,25,0.6780455434754892,0.0,0.0,no_correction
WJ-1-133,2|P2,-0.020535594791617533,0.005459216473923286,-0.025994811265540818,0.52,-0.5347200946578408,False,25,-0.41053641690855475,0.0,-0.0,no_correction
WJ-1-134,2|P2,0.06036259036532949,0.005459216473923286,0.054903373891406204,0.72,-0.32643944168009753,False,25,0.8670897496935399,0.0,0.0,no_correction
WJ-1-135,2|P2,0.043757716027435785,0.005459216473923286,0.0382984995535125,0.68,-0.19790912641090763,False,25,0.6048487376600229,0.0,0.0,no_correction
WJ-1-136,2|P2,0.024905976882660448,0.005459216473923286,0.019446760408737163,0.56,-0.00959194657346174,False,25,0.30712295839075016,0.0,0.0,no_correction
WJ-1-137,2|P2,-0.0008778365416084932,0.005459216473923286,-0.0063370530155317795,0.44,-0.5133252183368633,False,25,-0.10008116666746814,0.0,-0.0,no_correction
WJ-1-138,2|P2,0.0031620970804588444,0.005459216473923286,-0.002297119393464442,0.44,-0.6006117671804407,False,25,-0.03627843862264043,0.0,-0.0,no_correction
WJ-1-139,2|P2,0.06391285445366353,0.005459216473923286,0.05845363797974024,0.8,-0.2773171171818145,False,25,0.923159119961901,0.0,0.0,no_correction
WJ-1-14,1|P1,0.22480835706845959,0.15811245495469173,0.06669590211376786,0.52,0.1785870746333682,True,25,1.053329312398849,0.0,0.0,no_correction
WJ-1-140,2|P2,0.05720982011595405,0.005459216473923286,0.05175060364203077,0.68,0.0440519946362663,True,25,0.8172980051683444,0.0,0.0,no_correction
WJ-1-142,2|P2,0.12313101240349762,0.005459216473923286,0.11767179592957433,0.88,-0.15433098043510718,False,25,1.8583923144754964,0.0,0.0,no_correction
WJ-1-143,2|P2,0.10190869250442343,0.005459216473923286,0.09644947603050014,0.92,0.17169141849666048,True,25,1.5232279202872403,0.25,0.024112369007625034,partial_25pct
WJ-1-144,2|P2,0.0625813099848926,0.005459216473923286,0.057122093510969314,0.8,0.157293700488097,True,25,0.9021300195933876,0.0,0.0,no_correction
WJ-1-145,2|P2,-0.01832419892777542,0.005459216473923286,-0.023783415401698704,0.72,0.3371755177112252,False,25,-0.3756118111849651,0.0,-0.0,no_correction
WJ-1-147,2|P2,0.0028824619106834837,0.005459216473923286,-0.0025767545632398026,0.56,0.02640722984822652,False,25,-0.04069472075942876,0.0,-0.0,no_correction
WJ-1-149,2|P2,0.04773916290312381,0.005459216473923286,0.04227994642920052,0.68,0.0,False,25,0.6677277837034724,0.0,0.0,no_correction
WJ-1-15,1|P1,0.17972046677845377,0.15811245495469173,0.02160801182376204,0.48,-0.8457639206225629,False,25,0.34125563213472315,0.0,0.0,no_correction
WJ-1-151,2|P2,0.04947443159195681,0.005459216473923286,0.044015215118033524,0.76,0.6971225217080157,True,25,0.6951329063108238,0.0,0.0,no_correction
WJ-1-152,2|P2,0.05797515584949404,0.005459216473923286,0.05251593937557075,0.76,0.011186961690702546,False,25,0.8293849630835223,0.0,0.0,no_correction
WJ-1-153,2|P2,0.017013887030472526,0.005459216473923286,0.01155467055654924,0.56,0.1364603698465956,False,25,0.18248307327134622,0.0,0.0,no_correction
WJ-1-154,2|P2,0.042096030529403757,0.005459216473923286,0.03663681405548047,0.68,0.1707173830149138,True,25,0.5786057154113755,0.0,0.0,no_correction
WJ-1-155,2|P2,0.003867781785306287,0.005459216473923286,-0.0015914346886169994,0.44,-0.21301777001777822,False,25,-0.02513355023565361,0.0,-0.0,no_correction
WJ-1-156,2|P2,0.07266149755573177,0.005459216473923286,0.06720228108180848,0.72,0.02508016926074852,False,25,1.0613265625044046,0.0,0.0,no_correction
WJ-1-158,2|P2,-0.014849316800720706,0.005459216473923286,-0.02030853327464399,0.44,-0.36007720180374747,False,25,-0.3207329492825631,0.0,-0.0,no_correction
WJ-1-159,2|P2,0.011494677946302496,0.005459216473923286,0.00603546147237921,0.6,0.05443877172323752,False,25,0.09531812721967234,0.0,0.0,no_correction
WJ-1-16,1|P1,0.11722624341346412,0.15811245495469173,-0.04088621154122761,0.68,-0.2403754032762997,True,25,-0.6457165091770312,0.0,-0.0,no_correction
WJ-1-160,2|P2,-0.030087942081564782,0.005459216473923286,-0.03554715855548807,0.48,-0.669037159782377,True,25,-0.5613967709007998,0.0,-0.0,no_correction
WJ-1-161,2|P2,-0.16269203092768342,0.005459216473923286,-0.1681512474016067,0.68,-0.4221912338208824,True,25,-2.6556149956922313,0.0,-0.0,no_correction
WJ-1-163,2|P2,-0.017691164439835254,0.005459216473923286,-0.02315038091375854,0.56,0.20517927132305402,False,25,-0.36561428868696555,0.0,-0.0,no_correction
WJ-1-164,2|P2,0.005459216473923286,0.005459216473923286,0.0,,0.22116850730954418,False,25,0.0,0.0,0.0,no_correction
WJ-1-165,2|P2,-0.017734553547597946,0.005459216473923286,-0.02319377002152123,0.48,0.4084386876111292,False,25,-0.36629953347108013,0.0,-0.0,no_correction
WJ-1-166,2|P2,-0.08073850177681767,0.005459216473923286,-0.08619771825074096,0.6,-0.26743002863060283,True,25,-1.361321766673581,0.0,-0.0,no_correction
WJ-1-167,2|P2,-0.1858999470723149,0.005459216473923286,-0.19135916354623816,0.64,0.1873078042929741,False,25,-3.0221379390829104,0.0,-0.0,no_correction
WJ-1-168,2|P2,-0.08305725408494884,0.005459216473923286,-0.08851647055887213,0.56,-0.45835593278208364,True,25,-1.3979418542193025,0.0,-0.0,no_correction
WJ-1-169,2|P2,-0.13397536847711683,0.005459216473923286,-0.1394345849510401,0.56,-0.7035690332831894,True,25,-2.2020923450524834,0.0,-0.0,no_correction
WJ-1-17,1|P1,0.23432818524916676,0.15811245495469173,0.07621573029447504,0.52,-0.7577825051699776,False,25,1.2036760916452687,0.0,0.0,no_correction
WJ-1-170,2|P2,-0.14221220918477334,0.005459216473923286,-0.14767142565869662,0.84,0.29538467787200595,False,25,-2.332176885241103,0.0,-0.0,no_correction
WJ-1-172,2|P2,-0.04109384907440022,0.005459216473923286,-0.0465530655483235,0.56,0.28910296301980054,False,25,-0.7352132135559168,0.0,-0.0,no_correction
WJ-1-173,2|P2,-0.04501211149484879,0.005459216473923286,-0.05047132796877207,0.56,0.35379099935515157,False,25,-0.7970943866164334,0.0,-0.0,no_correction
WJ-1-174,2|P2,-0.1557101282866356,0.005459216473923286,-0.16116934476055889,0.76,0.10814622725916223,False,25,-2.545349709894223,0.0,-0.0,no_correction
WJ-1-175,2|P2,-0.038929450543225434,0.005459216473923286,-0.04438866701714872,0.52,0.3516809120313251,False,25,-0.7010308373626906,0.0,-0.0,no_correction
WJ-1-179,2|P2,-0.49542483681912947,0.005459216473923286,-0.5008840532930527,1.0,0.1473672705240503,False,25,-7.910468840300901,0.0,-0.0,flag_extreme_not_concordant
WJ-1-18,1|P1,0.15228799400022375,0.15811245495469173,-0.00582446095446798,0.56,-0.25667389235283444,False,25,-0.09198579309713323,0.0,-0.0,no_correction
WJ-1-180,2|P2,-0.17613927169928806,0.005459216473923286,-0.18159848817321134,0.72,-0.3348758829571512,True,25,-2.867987456768699,0.5,-0.09079924408660567,partial_50pct
WJ-1-181,2|P2,-0.055973435803316866,0.005459216473923286,-0.06143265227724015,0.52,0.32719554920134897,False,25,-0.9702067343154697,0.0,-0.0,no_correction
WJ-1-182,2|P2,-0.08520639208185803,0.005459216473923286,-0.09066560855578132,0.6,0.3281746044479128,False,25,-1.4318832205820087,0.0,-0.0,no_correction
WJ-1-183,2|P2,-0.1357036782966397,0.005459216473923286,-0.14116289477056299,0.8,0.24760872436606363,False,25,-2.2293875661397538,0.0,-0.0,no_correction
WJ-1-184,2|P2,-0.09243110939634751,0.005459216473923286,-0.0978903258702708,0.76,-0.035616760984948925,True,25,-1.5459832819046122,0.25,-0.0244725814675677,partial_25pct
WJ-1-185,2|P2,-0.10036230487579449,0.005459216473923286,-0.10582152134971778,0.52,-0.036725705188315416,True,25,-1.6712407627407881,0.0,-0.0,no_correction
WJ-1-186,2|P2,-0.16287980217437698,0.005459216473923286,-0.16833901864830025,0.92,-0.2043239761136455,True,25,-2.6585804696104134,0.5,-0.08416950932415013,partial_50pct
WJ-1-188,2|P2,0.040573600913290826,0.005459216473923286,0.03511438443936754,0.48,-0.15574219170850867,False,25,0.5545619632483045,0.0,0.0,no_correction
WJ-1-189,2|P2,0.03498816826917301,0.005459216473923286,0.029528951795249725,0.64,-0.30941440293335276,False,25,0.4663511475906477,0.0,0.0,no_correction
WJ-1-190,2|P2,0.014933369025165129,0.005459216473923286,0.009474152551241843,0.6,0.21970232333023176,False,25,0.1496254233931615,0.0,0.0,no_correction
WJ-1-194,2|P3,0.047372923306324505,0.07750709161229843,-0.03013416830597393,0.52,-0.5300500817499962,True,25,-0.4759093403864531,0.0,-0.0,no_correction
WJ-1-195,2|P3,-0.047927534228650676,0.07750709161229843,-0.1254346258409491,0.92,-0.12720874228357282,True,25,-1.98099079554664,0.25,-0.03135865646023728,partial_25pct
WJ-1-196,2|P3,0.06892251328406254,0.07750709161229843,-0.008584578328235892,0.52,0.014451507994172275,False,25,-0.13557636528089145,0.0,-0.0,no_correction
WJ-1-197,2|P3,-0.11165122189552476,0.07750709161229843,-0.1891583135078232,0.92,-0.14310470538416986,True,25,-2.987379883727391,0.5,-0.0945791567539116,partial_50pct
WJ-1-198,2|P3,0.010079389497791108,0.07750709161229843,-0.06742770211450733,0.68,-0.1054629301020622,True,25,-1.064886640018131,0.0,-0.0,no_correction
WJ-1-199,2|P3,0.03502520158951719,0.07750709161229843,-0.042481890022781243,0.6,-0.22371135487179217,True,25,-0.6709170816937281,0.0,-0.0,no_correction
WJ-1-2,1|P1,0.18562378893014575,0.15811245495469173,0.027511333975454022,0.6,0.2517487392624904,False,25,0.43448688121962026,0.0,0.0,no_correction
WJ-1-20,1|P1,0.10711142178188916,0.15811245495469173,-0.051001033172802565,0.56,0.2309844096370277,False,25,-0.8054600282923461,0.0,-0.0,no_correction
WJ-1-200,2|P3,0.041092880395259296,0.07750709161229843,-0.03641421121703914,0.6,0.24012675224666147,False,25,-0.5750901456788681,0.0,-0.0,no_correction
WJ-1-201,2|P3,0.04897335766969271,0.07750709161229843,-0.02853373394260572,0.68,-0.7510601291712167,False,25,-0.4506336581619206,0.0,-0.0,no_correction
WJ-1-202,2|P3,0.01192995805920341,0.07750709161229843,-0.06557713355309502,0.68,0.004765522646087206,False,25,-1.03566058491486,0.0,-0.0,no_correction
WJ-1-204,2|P3,0.0953038478896189,0.07750709161229843,0.01779675627732047,0.6,0.3002750910311338,False,25,0.2810644201279978,0.0,0.0,no_correction
WJ-1-205,2|P3,0.05145137460843821,0.07750709161229843,-0.026055717003860224,0.6,-0.5780198722940462,False,25,-0.41149830208338445,0.0,-0.0,no_correction
WJ-1-206,2|P3,0.028969838234137707,0.07750709161229843,-0.04853725337816073,0.68,-0.34092538715504617,True,25,-0.7665495196292277,0.0,-0.0,no_correction
WJ-1-207,2|P3,0.07750709161229843,0.07750709161229843,0.0,,-0.18263286198527062,False,25,0.0,0.0,0.0,no_correction
WJ-1-210,2|P3,0.03917834875092077,0.07750709161229843,-0.03832874286137766,0.64,-0.5597885892541239,True,25,-0.60532637064299,0.0,-0.0,no_correction
WJ-1-211,2|P3,0.114226849739159,0.07750709161229843,0.03671975812686057,0.64,-0.6843541296572386,False,25,0.5799156522876372,0.0,0.0,no_correction
WJ-1-214,2|P3,0.14129778972481824,0.07750709161229843,0.0637906981125198,0.72,-0.5176539305761416,False,25,1.007447385083538,0.0,0.0,no_correction
WJ-1-215,2|P3,0.10884347558023458,0.07750709161229843,0.03133638396793614,0.6,-0.32393615715804813,False,25,0.4948959491050775,0.0,0.0,no_correction
WJ-1-216,2|P3,0.1034555280869163,0.07750709161229843,0.025948436474617864,0.6,0.03481438949519067,False,25,0.409804019188644,0.0,0.0,no_correction
WJ-1-217,2|P3,0.11364331556967991,0.07750709161229843,0.036136223957381475,0.6,0.1704574058652124,True,25,0.5706998890095547,0.0,0.0,no_correction
WJ-1-218,2|P3,0.12202983897600597,0.07750709161229843,0.04452274736370754,0.68,-0.0078020759076569135,False,25,0.7031483701461304,0.0,0.0,no_correction
WJ-1-22,1|P1,0.09146706794573058,0.15811245495469173,-0.06664538700896115,0.64,0.18862598917073825,False,25,-1.0525315266440203,0.0,-0.0,no_correction
WJ-1-220,2|P3,0.08290367369556642,0.07750709161229843,0.005396582083267987,0.56,0.07867094628945104,False,25,0.0852282961159499,0.0,0.0,no_correction
WJ-1-221,2|P3,0.16242797265730283,0.07750709161229843,0.08492088104500439,0.84,0.26950818343872207,True,25,1.3411566588732602,0.0,0.0,no_correction
WJ-1-222,2|P3,0.10525974990446721,0.07750709161229843,0.027752658292168775,0.52,0.28224561660411673,False,25,0.4382981195196387,0.0,0.0,no_correction
WJ-1-223,2|P3,0.1182400642555215,0.07750709161229843,0.040732972643223064,0.64,0.2125857400004989,True,25,0.6432964051233735,0.0,0.0,no_correction
WJ-1-224,2|P3,0.10752935822018864,0.07750709161229843,0.030022266607890202,0.72,0.1919690406181349,True,25,0.474142075307742,0.0,0.0,no_correction
WJ-1-225,2|P3,0.06443297975007448,0.07750709161229843,-0.013074111862223958,0.56,0.0,False,25,-0.2064796310059837,0.0,-0.0,no_correction
WJ-1-226,2|P3,0.10039667213437789,0.07750709161229843,0.022889580522079456,0.6,0.24627693858051636,False,25,0.36149546446337094,0.0,0.0,no_correction
WJ-1-227,2|P3,0.05778623173190092,0.07750709161229843,-0.019720859880397512,0.56,0.16761315044846725,False,25,-0.31145181516999276,0.0,-0.0,no_correction
WJ-1-228,2|P3,0.07521383079466795,0.07750709161229843,-0.0022932608176304825,0.6,0.16990986483412662,False,25,-0.036217500080672885,0.0,-0.0,no_correction
WJ-1-229,2|P3,0.08293695374807222,0.07750709161229843,0.005429862135773789,0.48,0.2282847604947431,False,25,0.08575388844938499,0.0,0.0,no_correction
WJ-1-23,1|P1,0.055342049823709175,0.15811245495469173,-0.10277040513098255,0.56,-0.15331448100560685,True,25,-1.6230544417394273,0.0,-0.0,no_correction
WJ-1-230,2|P3,0.09636860107388892,0.07750709161229843,0.018861509461590487,0.6,-0.25723545076873044,False,25,0.29788008201901683,0.0,0.0,no_correction
WJ-1-24,1|P1,0.14281661946747626,0.15811245495469173,-0.01529583548721547,0.64,0.04066222308152945,False,25,-0.24156734320546386,0.0,-0.0,no_correction
WJ-1-25,1|P1,0.13519340491427734,0.15811245495469173,-0.02291905004041439,0.6,0.3451235331381248,False,25,-0.36196087697749385,0.0,-0.0,no_correction
WJ-1-26,1|P1,0.2538352522324754,0.15811245495469173,0.09572279727778366,0.72,0.2643015759690215,True,25,1.5117514726094197,0.25,0.023930699319445914,partial_25pct
WJ-1-28,1|P1,0.35756936183418553,0.15811245495469173,0.1994569068794938,0.68,-0.48595280377020167,False,25,3.1500257124974,0.0,0.0,no_correction
WJ-1-29,1|P1,0.2849327991360493,0.15811245495469173,0.12682034418135757,0.72,0.021878124643720298,False,25,2.0028754646255758,0.0,0.0,no_correction
WJ-1-3,1|P1,0.21631356693387893,0.15811245495469173,0.0582011119791872,0.56,-0.5436817751953029,False,25,0.9191709733127764,0.0,0.0,no_correction
WJ-1-30,1|P1,0.3638203738794257,0.15811245495469173,0.20570791892473395,0.8,0.03066865785031503,True,25,3.248748032920899,0.5,0.10285395946236697,partial_50pct
WJ-1-31,1|P1,0.34695739422665106,0.15811245495469173,0.18884493927195933,0.96,0.21733930996221673,True,25,2.9824307600492537,0.5,0.09442246963597967,partial_50pct
WJ-1-32,1|P1,0.3183676005123939,0.15811245495469173,0.16025514555770215,0.76,-0.17859177300558393,False,25,2.530911749131685,0.0,0.0,no_correction
WJ-1-33,1|P1,0.34620350296191127,0.15811245495469173,0.18809104800721954,0.88,-0.15441108789357116,False,25,2.970524544789472,0.0,0.0,no_correction
WJ-1-34,1|P1,0.3576198622276774,0.15811245495469173,0.19950740727298566,0.92,-0.06308578461944059,False,25,3.1508232659162276,0.0,0.0,no_correction
WJ-1-35,1|P1,0.3840386175746122,0.15811245495469173,0.2259261626199205,0.92,-0.22852039956080006,False,25,3.568055037615675,0.0,0.0,flag_extreme_not_concordant
WJ-1-36,1|P1,0.35980372306281616,0.15811245495469173,0.20169126810812443,0.92,0.06458207962887563,True,25,3.18531301054743,0.5,0.10084563405406222,partial_50pct
WJ-1-37,1|P1,0.2900016915207271,0.15811245495469173,0.13188923656603535,0.88,-0.5696792360181284,False,25,2.08292855276087,0.0,0.0,no_correction
WJ-1-38,1|P1,0.3096154747975799,0.15811245495469173,0.15150301984288816,0.88,-0.22647297477891648,False,25,2.39268930563751,0.0,0.0,no_correction
WJ-1-39,1|P1,0.33513843137949273,0.15811245495469173,0.177025976424801,0.92,0.030277364928126715,True,25,2.795773714945804,0.5,0.0885129882124005,partial_50pct
WJ-1-4,1|P1,0.09322878256656077,0.15811245495469173,-0.06488367238813096,0.64,0.17674301191820163,False,25,-1.024708743063753,0.0,-0.0,no_correction
WJ-1-40,1|P1,0.2820260694383112,0.15811245495469173,0.12391361448361948,0.84,0.033110692547939635,True,25,1.9569694419643162,0.25,0.03097840362090487,partial_25pct
WJ-1-41,1|P1,0.28470250760365623,0.15811245495469173,0.1265900526489645,0.84,0.22765731751688278,True,25,1.9992384672422419,0.25,0.031647513162241125,partial_25pct
WJ-1-42,1|P1,0.28605314847523466,0.15811245495469173,0.12794069352054294,0.6,0.16106929016574334,True,25,2.020569157366663,0.0,0.0,no_correction
WJ-1-46,1|P1,0.17904000076281257,0.15811245495469173,0.02092754580812084,0.6,-0.7788911365445959,False,25,0.3305090228581365,0.0,0.0,no_correction
WJ-1-47,1|P1,0.1893692155766491,0.15811245495469173,0.03125676062195737,0.6,-0.49757589836398,False,25,0.49363845649139854,0.0,0.0,no_correction
WJ-1-48,1|P1,0.17870374408543732,0.15811245495469173,0.020591289130745594,0.6,-0.31533789650713295,False,25,0.325198516462031,0.0,0.0,no_correction
WJ-1-49,1|P1,-0.04535745830743741,0.15811245495469173,-0.20346991326212915,0.92,-0.8577597724426074,True,25,-3.2134031782742802,0.5,-0.10173495663106458,partial_50pct
WJ-1-50,1|P1,0.08681389436081767,0.15811245495469173,-0.07129856059387406,0.92,-0.7072547190999838,True,25,-1.1260191619759223,0.0,-0.0,no_correction
WJ-1-51,1|P1,0.05635742179293325,0.15811245495469173,-0.10175503316175848,0.8,0.16105540396410767,False,25,-1.607018658066429,0.0,-0.0,no_correction
WJ-1-52,1|P1,0.19880690722343353,0.15811245495469173,0.0406944522687418,0.64,-0.03438279050308424,False,25,0.6426880523118846,0.0,0.0,no_correction
WJ-1-53,1|P1,0.028915047717768885,0.15811245495469173,-0.12919740723692286,0.76,-0.49848046831185044,True,25,-2.040416454618879,0.25,-0.032299351809230714,partial_25pct
WJ-1-55,1|P1,-0.019082173070314554,0.15811245495469173,-0.1771946280250063,1.0,0.2545634169301607,False,25,-2.798437232020304,0.0,-0.0,no_correction
WJ-1-56,1|P1,-0.02029014478548062,0.15811245495469173,-0.17840259974017236,0.88,0.0,False,25,-2.817514746167466,0.0,-0.0,no_correction
WJ-1-57,1|P1,-0.09156024880097567,0.15811245495469173,-0.2496727037556674,1.0,-0.2385873731926491,True,25,-3.9430844930041187,0.5,-0.1248363518778337,partial_50pct
WJ-1-58,1|P1,-0.08439482066422775,0.15811245495469173,-0.2425072756189195,0.96,0.07815147829777125,False,25,-3.82992078649259,0.0,-0.0,flag_extreme_not_concordant
WJ-1-6,1|P1,0.10098260420834927,0.15811245495469173,-0.057129850746342456,0.6,0.3062656045043326,False,25,-0.9022525297198384,0.0,-0.0,no_correction
WJ-1-60,1|P1,-0.06044700485847619,0.15811245495469173,-0.21855945981316793,0.96,-0.31085998710839924,True,25,-3.4517125974332585,0.5,-0.10927972990658397,partial_50pct
WJ-1-61,1|P1,-0.03513317114565061,0.15811245495469173,-0.19324562610034235,0.88,0.18344886363406943,False,25,-3.051930868513436,0.0,-0.0,no_correction
WJ-1-62,1|P1,-0.0995779914889514,0.15811245495469173,-0.25769044644364314,0.92,0.20380916648910308,False,25,-4.069708815111803,0.0,-0.0,flag_extreme_not_concordant
WJ-1-63,1|P1,-0.029652685696090572,0.15811245495469173,-0.18776514065078231,0.96,-0.15501085291583472,True,25,-2.965377485363299,0.5,-0.09388257032539116,partial_50pct
WJ-1-64,1|P1,-0.03433913296190559,0.15811245495469173,-0.19245158791659733,1.0,0.042784415071976056,False,25,-3.03939061240181,0.0,-0.0,no_correction
WJ-1-65,1|P1,-0.15029055659769064,0.15811245495469173,-0.30840301155238237,1.0,-0.29813699475803546,True,25,-4.870613063244664,0.5,-0.15420150577619118,partial_50pct
WJ-1-68,1|P1,0.009728953604318148,0.15811245495469173,-0.1483835013503736,0.92,0.1291191557433926,False,25,-2.3434227065722344,0.0,-0.0,no_correction
WJ-1-78,1|P1,-0.10120129008829969,0.15811245495469173,-0.25931374504299143,0.96,-0.21958054940699512,True,25,-4.095345592534094,0.5,-0.12965687252149571,partial_50pct
WJ-1-79,1|P1,-0.09359817171454131,0.15811245495469173,-0.25171062666923305,1.0,0.20162952686121471,False,25,-3.9752694380042826,0.0,-0.0,flag_extreme_not_concordant
WJ-1-8,1|P1,0.1701785866937957,0.15811245495469173,0.01206613173910398,0.44,-0.1244601639127545,False,25,0.19056058686161337,0.0,0.0,no_correction
WJ-1-80,2|P1,-0.07699074833088738,-0.03653311058362442,-0.040457637747262964,0.52,-0.27175058195198254,True,25,-0.6389480372709325,0.0,-0.0,no_correction
WJ-1-81,2|P1,-0.1156428556539222,-0.03653311058362442,-0.07910974507029778,0.68,-0.12344868265983244,True,25,-1.2493813073673634,0.0,-0.0,no_correction
WJ-1-82,2|P1,-0.03653311058362442,-0.03653311058362442,0.0,,-0.09284143258754263,False,25,0.0,0.0,0.0,no_correction
WJ-1-84,2|P1,0.006175061629148702,-0.03653311058362442,0.04270817221277312,0.64,0.14615386841757605,True,25,0.6744907594765952,0.0,0.0,no_correction
WJ-1-85,2|P1,-0.0472121344570713,-0.03653311058362442,-0.01067902387344688,0.56,-0.05783860807472152,False,25,-0.16865397299104362,0.0,-0.0,no_correction
WJ-1-86,2|P1,-0.05170309416774367,-0.03653311058362442,-0.015169983584119251,0.56,0.0,False,25,-0.23957976234440428,0.0,-0.0,no_correction
WJ-1-87,2|P1,-0.022550373631512258,-0.03653311058362442,0.013982736952112162,0.6,0.1185778442445038,False,25,0.22082955972465856,0.0,0.0,no_correction
WJ-1-88,2|P1,-0.01765443251522393,-0.03653311058362442,0.01887867806840049,0.64,0.27420887109940395,False,25,0.2981512260658457,0.0,0.0,no_correction
WJ-1-89,2|P1,-0.002480803144612422,-0.03653311058362442,0.034052307439012,0.48,-0.18189743207827824,False,25,0.5377885663671759,0.0,0.0,no_correction
WJ-1-9,1|P1,0.19498144760719605,0.15811245495469173,0.03686899265250432,0.64,-0.09190091221065089,False,25,0.5822725152327453,0.0,0.0,no_correction
WJ-1-91,2|P1,-0.03242098165619646,-0.03653311058362442,0.0041121289274279604,0.52,-0.04043390421844073,False,25,0.06494290950941324,0.0,0.0,no_correction
WJ-1-92,2|P1,-0.04066252718999587,-0.03653311058362442,-0.00412941660637145,0.52,0.10930707412960672,False,25,-0.06521593406410713,0.0,-0.0,no_correction
WJ-1-93,2|P1,-0.02965772761053566,-0.03653311058362442,0.006875382973088762,0.48,0.163353872250676,False,25,0.10858301919612814,0.0,0.0,no_correction
WJ-1-94,2|P1,-0.0521316049718923,-0.03653311058362442,-0.01559849438826788,0.48,0.08323088320561034,False,25,-0.24634723945146003,0.0,-0.0,no_correction
WJ-1-98,2|P2,-0.12272470001454398,0.005459216473923286,-0.12818391648846728,0.84,0.3071830267445357,False,25,-2.024410381091718,0.0,-0.0,no_correction
WJ-1-99,2|P2,-0.0852361282829968,0.005459216473923286,-0.0906953447569201,0.68,-0.005923903290716126,False,25,-1.4323528448213725,0.0,-0.0,no_correction
WJ-1-69,3|P1,-0.4123581530035274,-0.25434865114666216,-0.15800950185686524,0.84,-0.4432634736237073,True,25,-2.4954462668407262,0.25,-0.03950237546421631,partial_25pct
WJ-1-70,3|P1,-0.332430137474109,-0.25434865114666216,-0.07808148632744683,0.72,-0.232723039556058,True,25,-1.233142002698723,0.0,-0.0,no_correction
WJ-1-71,3|P1,-0.45612166579032376,-0.25434865114666216,-0.2017730146436616,0.88,-0.38203232753640926,True,25,-3.18660403472342,0.5,-0.1008865073218308,partial_50pct
WJ-1-72,3|P1,-0.25434865114666216,-0.25434865114666216,0.0,,0.24812641223844345,False,25,0.0,0.0,0.0,no_correction
WJ-1-73,3|P1,-0.2303220431695827,-0.25434865114666216,0.02402660797707945,0.68,0.2825740568295707,False,25,0.3794525549201552,0.0,0.0,no_correction
WJ-1-74,3|P1,-0.21293502528847696,-0.25434865114666216,0.0414136258581852,0.64,0.07574908865546703,True,25,0.6540459708414468,0.0,0.0,no_correction
WJ-1-75,3|P1,-0.24659538033073147,-0.25434865114666216,0.007753270815930691,0.6,0.0,False,25,0.12244751414345885,0.0,0.0,no_correction
WJ-1-76,3|P1,-0.2888968468405473,-0.25434865114666216,-0.03454819569388512,0.52,0.32243788923132755,False,25,-0.5456201364933463,0.0,-0.0,no_correction
WJ-1-77,3|P1,-0.21470741175225783,-0.25434865114666216,0.03964123939440434,0.68,-0.3144190117663186,False,25,0.6260546466966019,0.0,0.0,no_correction
