HELP,detect_study,detect_internal,detect_plate_qc,mad_study,mad_internal,mad_plate_qc,selected,selection_rank
AAISGENAGLVR,1.0,1.0,1.0,0.08515568807252549,0.02648788646727951,0.12535529633227682,False,
AGALNSNDAFVLK,1.0,1.0,1.0,0.09846845292897655,0.04338714831999013,0.036763258066415005,False,
AHVDALR,1.0,1.0,1.0,0.21443725305282513,0.13531283412551076,0.20488585800858772,False,
ALDFAVGEYNK,1.0,1.0,1.0,0.15045720673229113,0.026722596035231305,0.14478022074389685,False,
ALLAFQESK,1.0,1.0,1.0,0.09483526698336675,0.06453792305526562,0.037663393680404056,False,
ATVVYQGER,1.0,1.0,1.0,0.11889753808354797,0.0715825544387485,0.08195281745755523,True,6.0
ATWSGAVLAGR,1.0,1.0,1.0,0.1498450221416121,0.11240662960026526,0.12818942186160243,True,18.0
AVISPGFDVFAK,1.0,1.0,1.0,0.10851632719126059,0.1397380226561573,0.18083448231270438,False,
DGAGDVAFVK,1.0,1.0,1.0,0.08300436555220259,0.11059402075767011,0.08338387997222796,True,5.0
DGYLFQLLR,1.0,1.0,1.0,0.2400309892432162,0.24523266720409254,0.2285403514551838,False,
DSVTGTLPK,1.0,1.0,1.0,0.11537441398924742,0.10430594733408682,0.14330793437090605,True,17.0
DYIFGNYIER,1.0,1.0,1.0,0.13917991575299737,0.1136042991628976,0.10503647037872454,True,7.0
EAQLPVIENK,1.0,1.0,1.0,0.07979671976928415,0.08493411881630664,0.05001424022433554,True,19.0
ELLESYIDGR,1.0,1.0,1.0,0.10665688118892902,0.11713793917005333,0.10079905432824887,True,4.0
EQLSLLDR,1.0,1.0,1.0,0.0863773614272425,0.03818399950958096,0.030000715904851205,False,
ETLLQDFR,1.0,1.0,1.0,0.07085274967868571,0.10050450515887732,0.07204163218674253,True,8.0
FSVVYAK,1.0,1.0,1.0,0.10317008048465581,0.09520824879391654,0.05355011260327913,True,12.0
GQVVPALNEK,1.0,1.0,1.0,0.11962911302053314,0.17534107903548346,0.04029473859370114,False,
GSESGIFTNTK,1.0,1.0,1.0,0.1030937569235526,0.09820436161690438,0.054181791050279315,True,11.0
HFQNLGK,1.0,1.0,1.0,0.2505502172482803,0.0858363756010796,0.21760142299360652,False,
HLVALSPK,1.0,1.0,1.0,0.14462614439407062,0.06596133333775356,0.09748172240545117,True,13.0
IQHPFTVEEFVLPK,0.9891891891891892,1.0,1.0,0.3078108235278947,0.13481466959049015,0.09456287748058756,False,
IQNILTEEPK,1.0,1.0,1.0,0.07553478622477883,0.033217879653946625,0.02153057854606999,False,
ITLPDFTGDLR,1.0,1.0,1.0,0.24598536430656637,0.15806275600907327,0.15046378645243053,False,
IVIEYVDR,1.0,1.0,1.0,0.0975275080506961,0.04425497823646651,0.07275595809788982,True,25.0
IVLGQEQDSYGGK,1.0,1.0,1.0,0.1504148894781281,0.19935705173245566,0.15263727164129293,False,
IYLYTLNDNAR,1.0,1.0,1.0,0.10155523625436658,0.12354220797012871,0.08176081416772263,True,10.0
LAPLAEDVR,1.0,1.0,1.0,0.06421032137359717,0.056108467460315836,0.056300132154881055,False,
LAVYQAGAR,1.0,1.0,1.0,0.1041998540981588,0.09932567361133948,0.04081713001531284,True,16.0
LGNQEPGGQTALK,1.0,1.0,1.0,0.10645189873980598,0.10421754309753695,0.027918956906162862,True,23.0
LGVYELLLK,1.0,1.0,1.0,0.180213181930597,0.1982855385883333,0.09956979570185709,False,
LQPLDFK,1.0,1.0,1.0,0.15347342352219862,0.05105970932057069,0.07424012158280391,True,24.0
LSITGTYDLK,1.0,1.0,1.0,0.10481189694823811,0.07918131934669859,0.08956805893083697,True,3.0
LVVLPFPK,1.0,1.0,1.0,0.10297021970270492,0.06473869888188588,0.09750583981867678,True,9.0
NALALFVLPK,1.0,1.0,1.0,0.21308918362227303,0.0933692538862978,0.12854419987358767,True,21.0
NILTSNNIDVK,1.0,1.0,1.0,0.09195090447555287,0.04693581185354034,0.024771892101171034,False,
NIQSLEVIGK,1.0,1.0,1.0,0.08325860437299681,0.11856131030527806,0.05426677907712829,True,20.0
NYNLVESLK,1.0,1.0,1.0,0.12915604917266066,0.05868034909446607,0.10434661888369234,True,15.0
SALVLQYLR,1.0,1.0,1.0,0.1162162726515632,0.08959703515330375,0.10186629531565927,True,2.0
SLDFTELDVAAEK,1.0,1.0,1.0,0.17370425540674006,0.20786902307241562,0.0642766179900427,False,
SPELQAEAK,1.0,1.0,1.0,0.11145272611974733,0.11683066696947719,0.06348299972710336,True,14.0
STGSWSTLK,1.0,1.0,1.0,0.20601830466140925,0.14309071651175387,0.26794236157569884,False,
TFTLLDPK,1.0,1.0,1.0,0.11533446613707454,0.09261222057952878,0.08232539485888779,True,1.0
TLYSSSPR,1.0,1.0,1.0,0.0860277458169243,0.05599427919491973,0.031178714574721766,False,
VHQYFNVELIQPGAVK,0.9945945945945946,1.0,1.0,0.49900165240210725,0.06311535872545093,0.25459017983824594,False,
VNHVTLSQPK,1.0,1.0,1.0,0.19822712798924513,0.26049738621354734,0.2621572843595885,False,
VVEESELAR,1.0,1.0,1.0,0.13275984245283823,0.02063907308360413,0.040534419127599364,False,
YEASILTHDSSIR,1.0,1.0,1.0,0.111362059058834,0.16204335861267793,0.09961783589105622,True,22.0
YVLSPYK,0.9945945945945946,1.0,1.0,0.13741253810656318,0.026379992285452403,0.11343932026128556,False,
YWGVASFLQK,1.0,1.0,1.0,0.21265089788342095,0.20811685188422047,0.22700922598610163,False,
